frame,name,x,y,width,length,rotation
input/frame000.png,b00,159.94418201510948,105.35715853437371,6.753982062074009,17.663970506412756,1.6319526096519623
input/frame000.png,b01,155.00737795952605,126.18651250115427,5.9635367884510515,16.193464428740622,2.017028777660337
input/frame000.png,b10,164.57611308222388,130.0756820486798,6.290695307921991,14.274863712991417,2.218955405874401
input/frame000.png,b11,170.20913152373586,114.26319087250162,5.589235667709296,19.607249318364214,1.6388253354500224
input/frame001.png,b00,160.43406386823577,104.84798634753386,6.178643217289627,16.79524132644807,1.6603340874757302
input/frame001.png,b01,155.1589916931265,126.298512768578,5.463054135287292,16.895485532289342,2.0660954232197932
input/frame001.png,b10,164.73404802197948,130.56646842864802,6.108684439868147,13.550579535261967,2.2162350817785113
input/frame001.png,b11,170.80039859952126,114.3740853634032,5.724517221908221,22.289329079463684,1.6989705482427324
input/frame002.png,b00,160.77313424134698,105.98525693256944,6.505449939255205,19.178637362540915,1.5883891798023286
input/frame002.png,b01,154.5608682348282,127.79447264263119,6.303341430244934,18.096338170331556,2.104686485551845
input/frame002.png,b10,165.20171746891288,130.70982806979126,5.016577759179181,16.19114427088394,2.1579570353234803
input/frame002.png,b11,171.42363042172943,113.28606117641758,5.870820831499582,22.038899884121196,1.64155527067367
input/frame003.png,b00,161.13745113395012,106.0382878598603,6.606446364193076,20.005851972333186,1.5243289556301718
input/frame003.png,b01,154.36050647229814,127.83617051495564,6.862223723688427,19.69498042769071,2.1421274444620675
input/frame003.png,b10,166.1758544505575,129.20716154066244,5.506764587612708,19.457706284918807,2.132817874275283
input/frame003.png,b11,172.35574379862578,110.71934504412296,5.441639406544418,20.489045295714003,1.5919304946763435
input/frame004.png,b00,161.75636140547346,107.13110947055694,5.813130359224489,19.662368864842552,1.4613679622675677
input/frame004.png,b01,153.20850804832108,126.18332298547342,6.314805853155677,20.352494967989802,1.8619451129540368
input/frame004.png,b10,166.56242091665771,128.63141006139105,5.75491722434824,22.108472355757257,2.138189510155627
input/frame004.png,b11,173.10816592946853,109.72679703822934,5.955710773278072,19.4754982564545,1.5883837171467963
input/frame005.png,b00,162.17310811374202,109.64226238075562,5.083478337712736,20.25419431394378,1.4771667660243324
input/frame005.png,b01,153.30053623717149,128.1770361769399,6.310325630943119,21.308820976985984,1.808897909446239
input/frame005.png,b10,166.3737146028509,131.83213082999268,6.009534250494163,21.044010885677217,2.1971311209200115
input/frame005.png,b11,174.18048425243052,110.35251267143997,6.272446191538305,20.904248839408222,1.4862724327972856
input/frame006.png,b00,162.55792979115068,111.62250518313259,5.349083156365772,22.071414015656984,1.3897308907245476
input/frame006.png,b01,153.17629199580065,128.44414076644134,6.438149458764776,22.177257242244465,1.768579544613941
input/frame006.png,b10,166.20648231987045,133.90764957978112,6.181446603251536,20.32270451060511,2.2911118484256634
input/frame006.png,b11,174.6332919723978,110.9194655415928,6.274629125571579,24.07689983987123,1.4588966173807665
input/frame007.png,b00,162.6309141020212,112.2199631125213,5.361462457324856,22.879686461023255,1.4089079142643006
input/frame007.png,b01,152.9925433880537,128.58676831080717,6.130268487210094,24.04353015025776,1.798487186855033
input/frame007.png,b10,165.76636015988265,134.6305122652336,5.659149959688737,23.2801624154524,2.3030391898058387
input/frame007.png,b11,174.28493475980667,110.28459258570697,6.500614795385461,23.908464152643077,1.3947934676219589
input/frame008.png,b00,162.97830299278286,112.62566892196945,4.764120093639101,24.135367927423196,1.3672870823812708
input/frame008.png,b01,153.0797874562681,128.07759514108878,6.6746369850704355,26.23700070737502,1.734155143126033
input/frame008.png,b10,167.4386883864361,134.7202489841408,5.952412581961375,24.490933160034924,2.4081796958417336
input/frame008.png,b11,174.44374346265178,108.33868984863473,5.9418505782640825,24.128050376730716,1.3893133893433398
input/frame009.png,b00,162.98204663841727,113.60274606557807,4.696178288951622,25.176306573054184,1.3777991950047468
input/frame009.png,b01,152.86938519689312,129.54858330338942,6.513821096065334,27.15741457369162,1.7373183809220085
input/frame009.png,b10,167.69521537474856,136.13112852671472,5.852161412556323,26.40911088322934,2.442433168275152
input/frame009.png,b11,174.29438938647817,109.63853414065835,5.920913231765558,26.613765472050503,1.4061262819131974
input/frame010.png,b00,162.91200410857604,115.276743122476,4.609086575044515,27.699011275158643,1.3764401143953569
input/frame010.png,b01,152.61786555016297,128.86897635677985,6.057737820453726,28.323839431090512,1.667205287036587
input/frame010.png,b10,168.83799101592945,136.75226677560497,6.039589582109022,26.65713238877536,2.5025319400307753
input/frame010.png,b11,174.2694838305777,109.28133736131603,6.2613706084537455,27.17960836028518,1.4210276994112077
input/frame011.png,b001,161.99204972449476,109.71747080418938,4.869102575920667,17.20147348453109,1.520305066648516
input/frame011.png,b000,164.20456321086166,125.11209791147795,4.129774415830065,11.92629429461858,1.578774074780488
input/frame011.png,b01,152.58790658978992,129.17272851526485,5.8988223402623765,29.120206763856224,1.6628302956937473
input/frame011.png,b10,169.77179712403148,136.48291437844557,6.112030078550306,30.551642146435352,2.543651801963883
input/frame011.png,b11,173.5880371834634,109.70213630347125,6.543596062967995,27.96022897623637,1.4707505401021461
input/frame012.png,b001,162.07197690004048,108.1308813889376,4.776285655103271,16.42011808212819,1.5058016753298857
input/frame012.png,b000,164.05303161619537,125.52518752289195,3.589213146857349,14.05364133627846,1.6868296140046104
input/frame012.png,b01,152.6708314750105,128.4309713853103,5.822981362285826,33.32097545228393,1.6375767848980072
input/frame012.png,b10,171.03617308968475,136.9871845010525,5.966808614867547,32.71416440089415,2.510762840530117
input/frame012.png,b11,173.95230838060633,109.83287132225799,6.443945647065043,30.538032427012908,1.4997046904585056
input/frame013.png,b001,162.32871662663598,108.30405936162813,4.921793732904582,15.66264055164047,1.532769276900051
input/frame013.png,b000,163.09914225337863,128.1015558900432,4.255484010289669,13.440462499243756,1.5861597581494111
input/frame013.png,b01,152.2406262625597,128.58390772955468,5.928417036448275,35.00501423202371,1.6377913566131306
input/frame013.png,b10,171.0144366314292,137.49210119111726,5.680151820672357,34.21448044837186,2.502464657686949
input/frame013.png,b11,173.40015860725123,109.68292997108193,6.36980472342673,31.599040133198162,1.5449714777105052
input/frame014.png,b001,161.8787485657115,110.11183358405052,5.473555529029433,17.305456957458443,1.5274857739148286
input/frame014.png,b000,162.65622803524863,129.44853763400656,4.123709106976705,11.687009938710764,1.770544651410329
input/frame014.png,b011,152.1830104503385,120.3494204375085,6.270311817529782,16.512975320021834,1.7352984940397607
input/frame014.png,b010,150.88833590823404,137.80026288771188,5.59386462578781,19.693180899415413,1.6186319092976775
input/frame014.png,b10,172.03478563125105,137.90034689926046,5.837489152774161,35.22238497822074,2.488046573326346
input/frame014.png,b11,173.1190453252838,109.71689167576919,6.158022507921266,32.626545291742666,1.561980878243644
input/frame015.png,b001,161.71099259368557,109.62770063781275,5.411793235567444,17.18862722429976,1.559105151543732
input/frame015.png,b000,161.88737540459962,131.55992890843277,4.83766423447346,13.864657322645426,1.8999164993408677
input/frame015.png,b011,151.8221854762334,119.24640943589732,6.351458080409844,17.43053856020969,1.8696252221770453
input/frame015.png,b010,149.65854744883995,138.53881711529763,5.690736819306504,22.145261901349347,1.6293110251201697
input/frame015.png,b10,171.98534264734425,138.95609180702226,5.806692252747295,37.831911473942114,2.4982744149673093
input/frame015.png,b11,173.0748487400349,109.91516658311514,6.045104679391186,32.67296340150427,1.5612337404634153
input/frame016.png,b001,161.63985720645897,111.23016027711473,5.536001459342064,19.943007342857374,1.5115987584225703
input/frame016.png,b000,160.86903078056304,133.81990214856452,5.013238144140423,16.056538974810284,1.8701788568603044
input/frame016.png,b011,151.38258351605663,119.60123407785998,6.34700574204913,17.692295476858135,1.784864744954884
input/frame016.png,b010,148.0130748183855,141.545260497094,6.504882572890857,22.93168752382019,1.7585278556760429
input/frame016.png,b10,172.2127125797407,139.9760597374626,5.77914514081807,41.87127957568004,2.485146367526871
input/frame016.png,b111,172.69889603433634,103.43545421859048,5.700548537329144,22.805226785126873,1.5313546818813328
input/frame016.png,b110,172.51583718022587,122.35902850135072,5.7219910856253575,16.889417461453743,1.7352752526393758
input/frame017.png,b001,161.82278463671787,110.8704706973576,5.405040617470972,19.45650519324174,1.5059131455690289
input/frame017.png,b000,159.81059529475326,135.88424985927801,4.85064174005598,17.627026285855113,1.9177001204000996
input/frame017.png,b011,151.52753063336587,118.84426239776285,6.472988479754855,16.057314811068508,1.7736599367346397
input/frame017.png,b010,146.93896889980465,142.16475505128304,6.015047764101304,23.242349003253917,1.7941438751135856
input/frame017.png,b10,172.7684929226953,140.10347623682912,6.317068979808555,42.83415910065624,2.454002673989894
input/frame017.png,b111,172.68325855667368,102.16995144164136,6.189198213490838,20.861915432611614,1.494540298668576
input/frame017.png,b110,172.65143459526897,122.16106007217506,5.432093908452023,18.75432030031197,1.7872625799162793
input/frame018.png,b001,162.89875789304182,111.82888771617537,5.678863107614374,20.844471637222846,1.4836301160795573
input/frame018.png,b000,157.43041069578254,137.1070321168698,4.306480971245359,19.733187578948968,1.9126304289179166
input/frame018.png,b011,151.96281228447947,118.34053600582826,6.759574647187394,18.34039185595531,1.854829638957736
input/frame018.png,b010,144.55494340740105,142.66744542518452,5.914434955211125,25.48299237369001,1.8701623922529358
input/frame018.png,b101,182.1034728117583,131.72126001865408,6.074009148878794,22.928178508249648,2.395314294822997
input/frame018.png,b100,165.25287134278767,146.68868305276553,5.86813146242133,23.790960135765832,2.5605447113017594
input/frame018.png,b111,173.29253151897484,101.60160629802803,7.213852466211091,21.369057439644514,1.4068380632711712
input/frame018.png,b110,172.74908442365108,123.64152991970258,4.663664574254551,18.8618580526297,2.0037317063336064
input/frame019.png,b001,162.60005018192803,112.26333550788794,5.017475907149218,21.248451110601682,1.459659648366733
input/frame019.png,b000,155.83358943613786,138.59597959962846,4.4999707390939845,21.93011205277177,2.0157800902249674
input/frame019.png,b011,152.0026827240521,118.92445981109665,6.822215045173179,19.41667746558715,1.8274423279332612
input/frame019.png,b010,142.63299794882388,142.73625606972308,6.231843091909638,25.405905343516626,1.8966184927097882
input/frame019.png,b101,181.68838802289653,131.6852809266472,5.95305737066917,24.614922829350157,2.3327816354998396
input/frame019.png,b100,164.29873983616054,147.70587250996059,6.088770303505131,22.722658087583245,2.631036896991552
input/frame019.png,b111,173.21681081413564,102.22904376697754,7.151988854023285,22.47862716071087,1.3514773941853384
input/frame019.png,b110,172.05167174404102,126.03947109167065,4.654807310535328,20.203812533763973,2.0116825886913365
input/frame020.png,b001,162.50345814413646,113.40622816015926,5.629793620200252,24.195214019807967,1.430711233118946
input/frame020.png,b000,152.92807252376815,140.20515468366466,5.12327627415044,24.007455154252263,2.1885705923360788
input/frame020.png,b011,151.8018914102786,119.22462077099948,6.572832388601651,21.315300981931134,1.7166380023461338
input/frame020.png,b010,138.70043479345068,141.38369986463513,6.870041018906692,28.40656018944615,1.8524488400506949
input/frame020.png,b101,183.51700693406227,129.23454969622608,6.298728278547507,24.99453096839088,2.2995277134548924
input/frame020.png,b100,163.86097642374529,147.41485913327517,5.787811771416139,25.095767952086888,2.674702653328097
input/frame020.png,b111,172.4343014256858,102.51554687790195,7.080620002302078,24.138281403123223,1.4940331201309525
input/frame020.png,b110,172.2864440473079,126.7484554638072,4.750254480797636,23.664076837986986,2.1405060211483997
input/frame021.png,b001,162.10788472032897,113.48135916384595,5.237918393840058,25.024790746023392,1.4516982734968091
input/frame021.png,b000,152.25588527063607,141.20673572741637,5.360776435050822,24.63357418667711,2.2267585598685637
input/frame021.png,b011,151.38529347193065,118.905359534259,6.27023380389248,21.456468751261962,1.6840929539092946
input/frame021.png,b010,137.98234035502483,141.29299966198988,7.304830352523614,29.60579298541795,1.8439613953436438
input/frame021.png,b101,184.41353084528518,128.6736621161959,6.555083902723489,24.43748789118896,2.2551521401910684
input/frame021.png,b100,163.5780534779442,147.99073966031446,6.280438278889904,23.482629697339263,2.681995997261282
input/frame021.png,b111,171.96354049744093,101.72603184474819,6.692319286992158,23.212985911568925,1.4810747796923711
input/frame021.png,b110,171.36089949946685,128.38866873629087,4.361679471330133,24.98705966708477,2.150352752753618
input/frame022.png,b001,161.5747391859155,115.12471443801286,4.979237331086732,27.05996427830286,1.4243691192439396
input/frame022.png,b000,150.47346632789953,143.7085898373733,5.61011974523044,26.77394277387023,2.216587392090277
input/frame022.png,b011,151.0570385465417,119.95599944696717,6.346715577185994,23.961416482510792,1.7527678725278855
input/frame022.png,b0101,137.77866120684476,134.281385659262,7.043712552620306,19.750730923748105,1.9739827832767363
input/frame022.png,b0100,133.8683363829146,150.0638088722625,7.392576520620438,12.907534159877631,1.6014015491556133
input/frame022.png,b101,184.11966417520836,129.2886718351331,6.509128014721698,27.90685982278337,2.260331085075343
input/frame022.png,b100,164.10053705574174,149.3229246140719,6.23651360424135,24.83448329345563,2.753011544268185
input/frame022.png,b111,171.51488204272766,102.42903800559776,6.4414782250131095,26.70476457764736,1.4847058859481186
input/frame022.png,b110,171.38694563765733,129.43069704646925,4.458103686735608,28.013247997383157,2.176237586908704
input/frame023.png,b001,161.5708285017584,115.16868408564737,4.825380266209098,27.94321905583616,1.456122363671581
input/frame023.png,b000,149.74081717097198,144.4860540529545,5.633574226302141,26.93181041847744,2.171931002257485
input/frame023.png,b011,150.5338814051799,119.93734919567855,6.137544296572144,23.978232022250495,1.7588188948063659
input/frame023.png,b0101,137.50265729579795,132.93578012710367,7.0749419827781335,20.83055718780069,1.961006574971725
input/frame023.png,b0100,133.94553097126507,149.51059347229912,6.638063754315015,14.762411115159354,1.6114608047960184
input/frame023.png,b101,185.01677175631357,128.3168890581657,6.108470663584616,29.766573393054955,2.245321924247126
input/frame023.png,b100,164.48499540146045,149.36198160580952,5.730303206874293,26.7791421289008,2.7620625747618766
input/frame023.png,b111,171.91519417014055,101.91299265653223,6.113690580898549,27.351071626164675,1.5767743494155835
input/frame023.png,b110,171.19848347463238,129.64912315564035,4.498459631939646,29.213040433590397,2.193304698284935
input/frame024.png,b001,161.02684375323878,115.75351526621502,4.918801797457298,29.179554663431105,1.4642445498676102
input/frame024.png,b000,148.24674144271,147.41698366823866,5.85708089841995,29.517940528629495,2.1733418654456105
input/frame024.png,b011,149.89822688289752,121.46474906176229,6.043696428856382,26.36963878428844,1.7512854547688796
input/frame024.png,b0101,136.77030305412268,132.20942035031436,6.783212053457272,19.738646922713713,1.9112011536920668
input/frame024.png,b0100,133.01274289289174,149.4907865128504,7.336121361726148,15.821739498721351,1.6885781768590706
input/frame024.png,b101,184.88962048225832,128.55262532179893,5.928198373327109,30.645374338559353,2.2247608239535315
input/frame024.png,b100,165.31680256763786,150.92091569447362,6.063706475595615,29.648382030023843,2.759300506852378
input/frame024.png,b111,171.60089942064712,102.9513421940126,6.763182942214674,29.720400942757408,1.5739178652236465
input/frame024.png,b110,170.65430251694667,131.0393814652217,4.2081098081307164,32.37496858537558,2.197784744260131
input/frame025.png,b001,160.6575746172741,116.46359480208189,4.777247624536543,30.99033687444272,1.5066558806484434
input/frame025.png,b000,147.9586757745551,148.16542502777574,5.2252352035820415,30.88255641933757,2.114906458021045
input/frame025.png,b011,149.52388484113058,121.3099215525953,6.211660708925152,27.700573245040797,1.7553382889164357
input/frame025.png,b0101,136.0777963811283,132.2114758978474,6.961255706551414,22.171599822859903,1.8938332490518157
input/frame025.png,b0100,132.84112685128213,150.00684117912894,6.560349996241014,15.896794512194175,1.6486190280464461
input/frame025.png,b101,185.59827960769763,127.67532574455933,5.93591408836621,30.764983883448622,2.255551760674019
input/frame025.png,b100,166.1544854235768,151.45916697093415,6.154631538174255,30.33772490047283,2.7800258368640534
input/frame025.png,b111,171.39989475009824,102.55951055188135,6.488857268790196,31.572104515594347,1.638830163480739
input/frame025.png,b1101,175.67384888151656,124.0533368039685,4.355942862210093,17.551342813797547,2.1788482638802207
input/frame025.png,b1100,166.40443770880916,137.21795432695814,4.310291358664326,17.349350545223075,2.2468219758780976
input/frame026.png,b001,160.0054723637554,117.54647790757696,5.355911962645194,33.318481407472746,1.503186122597879
input/frame026.png,b0001,150.78689855468426,143.09720261523603,5.715313503388975,18.464377134175674,2.0239426425001965
input/frame026.png,b0000,142.1122800473319,157.5982434490183,5.788661937362657,17.564362356900254,2.274066568270249
input/frame026.png,b011,147.80377616455465,122.23303841772297,5.731512075899097,29.832450294338884,1.7894346765023166
input/frame026.png,b0101,134.6902510217141,131.89368281465565,6.428877110449113,24.865940715280168,1.8356724004049298
input/frame026.png,b0100,131.7287382553777,151.24414022223155,6.5649824012798925,16.1329659916463,1.6637645047402885
input/frame026.png,b101,184.39481849814348,129.1735098971303,5.866519303734663,35.27271106001066,2.2200705645198804
input/frame026.png,b100,166.30635132254918,154.00245316327886,6.108641808942974,33.2865106976914,2.801516328428016
input/frame026.png,b111,170.4881051793745,103.15016402102789,6.543104149976272,30.909110006664104,1.6175946631152889
input/frame026.png,b1101,175.32783835733645,125.04701475206805,4.83976207710238,18.63202834126074,2.0599372963261118
input/frame026.png,b1100,163.7839400139321,142.27403197567853,4.575853857035427,15.730401657045897,2.211250875650538
input/frame027.png,b0011,159.61948483924428,109.60618888699642,5.401725764473083,17.392306269297077,1.5462698381617217
input/frame027.png,b0010,160.91483996487722,127.2503974527259,4.90955273149611,16.897426640466186,1.4736629332625066
input/frame027.png,b0001,150.60692884537107,143.34124864325503,5.835298206616467,20.701324396260425,2.0242872933236997
input/frame027.png,b0000,141.94888855623535,158.27083700029877,6.261463610047565,16.664314210672188,2.2542571225859644
input/frame027.png,b011,147.44593598062403,122.2804387645531,5.980650063369051,30.736075060108423,1.788699417236225
input/frame027.png,b0101,134.41622846823705,130.84746869301588,6.410770231292583,24.781442788774957,1.8300233973036941
input/frame027.png,b0100,131.82688813741572,150.81047019073068,7.0500004176580315,17.289304804056176,1.6543253732343604
input/frame027.png,b101,184.78610308498634,128.8955274398374,5.977652447033108,35.56243253034046,2.1848356034718224
input/frame027.png,b100,167.10336652429984,154.6271800841993,6.336548541318086,34.099051559383625,2.8231937620412424
input/frame027.png,b111,170.4991076501468,102.90065813681994,6.376508417256632,33.21824625784671,1.636805595581847
input/frame027.png,b1101,175.68060963795514,125.07688700998226,4.397985506454139,18.3701857257689,2.0704816094047382
input/frame027.png,b1100,163.81115663221505,143.15208363377775,5.030112155504821,16.93370806742706,2.284130630758488
input/frame028.png,b0011,159.31351127406558,110.44389610703041,5.474522305861297,20.60023007255925,1.5921049279908266
input/frame028.png,b0010,161.49498783736513,130.5974412752499,5.587173065999688,18.05378208885904,1.308258413777033
input/frame028.png,b0001,151.11236483003248,142.14377066312727,5.63859627105712,19.37043221321821,1.8761181051982394
input/frame028.png,b0000,142.68699141040636,158.62520038785667,6.848368357304272,18.715155075706818,2.327737820354611
input/frame028.png,b0111,149.43584530541975,113.67012754438403,7.019736458119327,13.790086794418249,1.8381791004049752
input/frame028.png,b0110,145.24819098494436,129.4477357428435,4.992481212291645,19.14961469132074,1.8793753874590702
input/frame028.png,b0101,134.2443825504585,128.5894743777612,6.40138672862005,25.57746995499796,1.806542371500866
input/frame028.png,b0100,131.0570851992871,150.23818487294292,6.714517592950759,20.44894695680596,1.5212158473075332
input/frame028.png,b101,185.87707775080224,128.36701046192078,5.908286223627812,38.43312822049992,2.1457442461000706
input/frame028.png,b100,168.726789826703,155.44198250995612,5.946834741539591,36.87165395852513,2.8212901558421204
input/frame028.png,b1111,171.24784702520822,95.392654139665,6.843273404952182,20.31553945185241,1.6463754122572944
input/frame028.png,b1110,169.8529442452842,112.80382314994104,5.823506010327976,15.472220225998969,1.752440383478478
input/frame028.png,b1101,176.4398776382468,124.57986758542435,4.170498881864364,22.209314528344336,1.9727078898929746
input/frame028.png,b1100,163.48680137923262,145.37787450771162,5.172078572315919,17.668500630640757,2.301874066240318
input/frame029.png,b0011,159.11354411708035,109.59107740224454,5.5772199354270535,19.08868097466345,1.624975252159023
input/frame029.png,b0010,161.46715080111585,132.9692084897664,4.833722343821725,21.007141526901883,1.3163997521280886
input/frame029.png,b0001,150.3832262274228,142.17698160872277,5.25028654505677,19.339881273597115,1.8597173857806422
input/frame029.png,b0000,141.8572581429861,159.82518696689908,7.0122073082110985,19.427760619933416,2.3467829423060143
input/frame029.png,b0111,148.62519997537908,113.14530244439514,6.6052645125318135,14.809368257484707,1.9236991502320266
input/frame029.png,b0110,144.0797014252934,129.7243316848949,4.5834253901723905,21.860062074232694,1.8896444251570113
input/frame029.png,b0101,133.23604193725683,128.6022230350428,6.146708119848058,27.179514760596778,1.8060531422371595
input/frame029.png,b0100,130.24678268486673,151.28717073211251,6.523916587504761,20.559231397856482,1.529002711333175
input/frame029.png,b1011,190.83248901656697,120.88964852136907,5.739953696565108,21.463939884089385,2.2149485449336566
input/frame029.png,b1010,180.84047169602542,137.23678378501373,5.2616681804399486,18.110886786561608,2.2351314169044585
input/frame029.png,b100,169.31744396658354,156.39146364330574,5.962168219856607,39.39304200700669,2.823270961810805
input/frame029.png,b1111,171.6982174431786,94.9371924807154,6.803474022425755,20.74287878082548,1.6124308280232804
input/frame029.png,b1110,169.4919441217163,113.64672481766671,5.268246329055856,16.83607769548601,1.7906472858398759
input/frame029.png,b1101,176.03504447922836,125.5942920602491,4.651411780313774,21.77150972857604,1.9748079546647022
input/frame029.png,b1100,162.68209587608052,147.05873992063323,4.586477311333441,18.330485482053295,2.458808796981415
input/frame030.png,b0011,158.16407272625818,110.80980271373119,5.6377908263756815,21.152929274448496,1.8154540923727382
input/frame030.png,b0010,158.98420071846596,134.0433321450994,5.667782184692898,19.85282782269999,1.1153904825637435
input/frame030.png,b0001,144.70496960290697,145.41073106609602,4.994622280381065,21.355200070699343,2.3892007378082334
input/frame030.png,b0000,138.80969565053928,163.16894044038884,6.277688607568001,19.47151025205882,2.3178517578297346
input/frame030.png,b0111,147.00016841118838,113.66891006311928,6.633669880427158,16.231882463876524,1.841236564106753
input/frame030.png,b0110,141.85682169562705,131.20950034380084,5.653996920310821,20.870249792498022,1.9849617759880678
input/frame030.png,b0101,131.27453827127076,126.4053930298727,5.976651729126378,26.567614686968227,1.7749083602181575
input/frame030.png,b0100,127.99497414537828,151.4049372172808,6.217657349590496,24.121673298168073,1.5246425009563143
input/frame030.png,b1011,190.40529181224417,118.8529083833616,6.642400601712896,22.39827817976044,2.2716483667240954
input/frame030.png,b1010,179.62688220691234,136.8060485941303,5.617817449360525,21.206142532752875,2.1879725862366888
input/frame030.png,b1001,177.47380196295,154.31903671675954,6.2631020093532745,22.7676966698934,2.82826365293996
input/frame030.png,b1000,157.85558571088634,160.67537851902287,6.2631020093532745,18.47681763297772,2.82826365293996
input/frame030.png,b1111,170.9263760443976,94.95255337450938,6.914853021791709,20.996838882312467,1.5549096319984983
input/frame030.png,b1110,168.3118000128473,115.04720192616334,5.275309149055067,19.32445923273521,1.9951414766214703
input/frame030.png,b1101,174.57626887143383,125.51750380702232,4.956906514421643,23.717787963294775,2.0119996702450997
input/frame030.png,b1100,158.21715403862305,150.56699542710902,5.228703772304264,19.255362216998524,2.8723578986274934
input/frame031.png,b0011,157.23178756133365,111.48318907458862,5.840795224712779,22.287281772312646,1.8740581901138411
input/frame031.png,b0010,158.2069622091599,134.5884804583739,6.231895020683091,19.406279040195482,1.0486830134100038
input/frame031.png,b0001,143.31906692615152,145.8891303072547,5.515412781233332,23.102390671153614,2.383897685955963
input/frame031.png,b0000,137.645662939367,164.51415528927106,6.532970470987729,19.169615867082157,2.3205811283766917
input/frame031.png,b0111,146.05995688040127,113.44417422297286,6.400295412621296,20.186724581253998,1.8221429217411602
input/frame031.png,b0110,139.85007611049866,133.23084225832392,4.866324974953633,19.063728328989452,2.032760299325388
input/frame031.png,b0101,130.8145392858343,124.79833133749244,6.442474931135426,24.65756397370287,1.8053696420673166
input/frame031.png,b0100,126.75337747693706,150.282041654808,6.492272289923099,28.454127653527696,1.5572372885226857
input/frame031.png,b1011,191.36817121156466,117.76910606486194,6.752854668912999,22.44657484121057,2.395588364751605
input/frame031.png,b1010,179.66284736186344,136.5463402865455,5.440754516909169,23.762821757804964,2.1327059150985126
input/frame031.png,b1001,178.656884035268,153.77521806255749,6.531866206532042,23.72184120684632,2.852538538946847
input/frame031.png,b1000,158.0691254187091,160.42817145449595,5.762556291584434,19.26388324311167,2.770302892986018
input/frame031.png,b1111,170.77929164952235,94.88647441902977,7.031814527142145,22.600998082205926,1.5020913905500117
input/frame031.png,b1110,167.49545745214613,116.5727079664743,4.946888869869987,21.3234653033964,2.04590846972328
input/frame031.png,b1101,174.34064086329292,125.50211956283515,4.787296677082131,23.86675115257912,2.0444051717324547
input/frame031.png,b1100,157.7720644275636,150.7777170782838,4.516001734260982,19.8834375835807,2.9696187346071037
input/frame032.png,b0011,157.06851796048113,112.22480216104081,5.702199433189905,22.125165306917875,1.8394067129319414
input/frame032.png,b0010,154.7670065044955,134.45605297305408,5.704530779903638,22.79620110132196,0.8038974970085229
input/frame032.png,b0001,140.39603011378202,146.26218907742702,4.88298869956769,23.275434787457733,2.3611079431545825
input/frame032.png,b0000,135.84144151093926,165.6326857397068,6.308870682800858,21.943387102935606,2.244111009883881
input/frame032.png,b0111,145.52507791468733,113.13359718124534,6.197220338618819,20.83617502099323,1.8872624217689575
input/frame032.png,b0110,136.20182822552937,134.88379202454126,5.472231770711185,18.468611311610385,2.1747573395584263
input/frame032.png,b0101,128.00418585338903,124.44420667235005,7.285463220079743,25.81402690463349,2.039418282648158
input/frame032.png,b0100,123.28071167388954,152.41553529298398,6.4507740431400435,29.589709854102207,1.4498749642968896
input/frame032.png,b1011,191.35345026610295,116.5239029026503,6.718563815578162,25.022456383512868,2.4334018542624976
input/frame032.png,b1010,178.6911745294249,136.58237543318276,5.278098778320443,24.290162749201063,2.1263978428475276
input/frame032.png,b1001,177.46899199671194,153.73476279435204,6.301754492229124,26.018141981308524,2.8410470281497107
input/frame032.png,b1000,155.17019397483287,161.1052575750171,5.645015093206927,18.898812264909232,2.8385360793784793
input/frame032.png,b1111,170.33656507620907,95.44548962031872,7.710127521070217,24.39575905121628,1.3804511277263107
input/frame032.png,b1110,165.74324187851474,118.71451294343132,4.643877957507905,20.960920477440006,2.0062272999674855
input/frame032.png,b11011,176.35338470240282,119.7434962757091,4.838921670834948,13.54986040605694,2.0171045473974525
input/frame032.png,b11010,170.46808392038255,131.57124164820553,4.875917482010946,13.195160057306744,2.1095826220357683
input/frame032.png,b1100,156.39678792745184,150.5742474372954,5.054184813852917,22.95248781005302,2.977354599109176
input/frame033.png,b0011,156.81241963778078,112.3834307274112,5.590034493445936,23.461434382514163,1.889397439558803
input/frame033.png,b0010,154.19693449578116,134.76394087998412,5.145008143131252,23.438167946961,0.7976688577729392
input/frame033.png,b0001,138.93463834038516,146.83342474043155,4.864421348763818,25.486756336479576,2.3891990027049994
input/frame033.png,b0000,134.57718297535948,167.07083265190596,5.759540234636375,22.695956561936757,2.1669403169586645
input/frame033.png,b0111,145.31560277188834,112.73905364789009,5.961692337708254,22.0251231301828,1.9167931542816377
input/frame033.png,b0110,134.73078422882352,135.48949006669113,5.414388492765008,19.122692848811717,2.2289334176767395
input/frame033.png,b0101,126.95327940257206,125.39687245024628,6.684309305562106,28.109851178702346,2.1570296223951604
input/frame033.png,b0100,121.26539518611563,152.9511571060594,6.1545976477323405,31.496256413853533,1.4408789048675665
input/frame033.png,b1011,192.50678053206522,115.29301055542298,6.6784757213239745,25.826966048448398,2.4842061840804086
input/frame033.png,b1010,178.76346971148558,137.1879679126348,5.563100877793934,24.512287165451625,2.056523993726438
input/frame033.png,b1001,177.86290897915663,154.53084985635076,6.000207782323493,25.935591951798646,2.781168927028543
input/frame033.png,b1000,155.0806131269803,161.29704884156666,6.210437740784353,22.433979938119844,2.828696158849664
input/frame033.png,b1111,170.91397530277587,95.39317516639987,7.307519506344335,24.572946994431256,1.3378530645227393
input/frame033.png,b1110,165.86831477843066,119.06303158524936,4.387382626104863,20.954382827235577,2.009056934547623
input/frame033.png,b11011,176.46270251081495,119.34975658398498,4.6151783743291555,13.906965812425621,2.044947407798991
input/frame033.png,b11010,171.05782591259305,131.9191173661961,4.47432062964184,14.986510605846865,2.0767350887923275
input/frame033.png,b1100,155.04973439021487,151.14359871000445,5.002962292621398,22.907777038676667,3.0624083294005398
input/frame034.png,b0011,156.078952092353,113.1101577734752,5.1996451526695315,26.87354441456469,1.8794894056777758
input/frame034.png,b0010,152.71119605682551,135.83170588120387,5.597287819317203,24.349157453359453,0.7387781081330844
input/frame034.png,b0001,135.21516689668422,147.10716465556652,5.315290850858411,27.815661684519082,2.4497594634999267
input/frame034.png,b0000,132.9259745731868,166.70759442691593,6.228354261028135,23.84985896464412,2.096030288955379
input/frame034.png,b0111,144.2224905026623,113.05022822616539,6.3198519717756385,23.929302893515192,2.0345344162934413
input/frame034.png,b0110,131.35801937299868,136.31493787768122,5.335329789526508,20.429149814633533,2.319506902508396
input/frame034.png,b0101,125.27925908039008,125.73099471542474,6.062276846219369,28.86130327436987,2.2422847048572576
input/frame034.png,b0100,116.5336707414096,154.9523274633333,6.290680680886721,34.44913686976118,1.400903762758383
input/frame034.png,b1011,192.66226952284327,114.15021376883612,6.865689416426209,25.69184676178942,2.4233049629957706
input/frame034.png,b1010,178.68178152238016,136.7450678950739,5.289828689309537,23.94392062450218,2.065613149905569
input/frame034.png,b1001,178.5213902268286,154.55298096246443,6.727889537271857,27.04978387516952,2.817609770789499
input/frame034.png,b1000,153.88114219310435,161.7962258397043,5.6005652081051025,25.101724878466403,2.916219276400571
input/frame034.png,b1111,170.83471053879046,95.76991986011777,7.029880131918181,24.822136081979696,1.247334945619185
input/frame034.png,b1110,164.4712335855451,120.47544117057197,4.106343779119727,23.218906502284202,1.9045113422654865
input/frame034.png,b11011,176.1966651346949,118.80713103651905,4.001693594615862,13.951454541023711,1.9349778700795885
input/frame034.png,b11010,170.35690318583698,131.84443791201926,4.762577904880891,15.057358949879688,2.0203259168981846
input/frame034.png,b1100,154.43499732191415,151.11614796546465,5.121693352365018,24.717667301600795,3.120232225496619
input/frame035.png,b0011,155.9302417489699,113.39875324302356,5.044384881823845,26.728197417979324,1.8663693753041353
input/frame035.png,b00101,147.83137569069604,131.84529049496078,6.797553250198338,12.75133563578691,0.9217453060556342
input/frame035.png,b00100,157.4028423496456,140.47656064514817,5.915459128676765,13.03581010587133,0.6434695777050675
input/frame035.png,b0001,132.93279055855444,146.9267699421172,5.041223442186563,27.403658035906926,2.454183161044789
input/frame035.png,b0000,132.1150765893607,166.08065577096562,6.503533190252774,25.692858499418666,2.038957374588415
input/frame035.png,b0111,143.78177545408337,112.68991860640305,5.656694250642488,24.913469399213387,2.0120070536918315
input/frame035.png,b0110,128.99170295745628,136.4212574745923,5.095121229740184,22.3152210086724,2.4003171661702325
input/frame035.png,b0101,123.72224428711291,125.56893910339123,6.175385118827566,30.023544494474802,2.2896525089920545
input/frame035.png,b0100,113.3336289926134,154.7624223572951,6.579447913157795,35.74478825810654,1.3316831242027083
input/frame035.png,b1011,192.86773265759632,112.29782509201412,7.119968471491344,25.896772080709532,2.5131921723521717
input/frame035.png,b1010,179.12442661290723,136.83947840234185,5.553911989540694,24.426306507459056,2.145868824613831
input/frame035.png,b1001,178.76870382135374,154.70820876429616,6.118357294415638,28.082174973178688,2.7710924413776947
input/frame035.png,b1000,152.24031205746712,161.80672030660995,5.999382733467483,23.314831357796944,2.956632709400024
input/frame035.png,b1111,170.39073790581543,94.50896286017905,7.337209651543794,25.969673291912034,1.163099771307605
input/frame035.png,b1110,164.32216497608368,119.84252554542566,4.179519012543724,24.515503470249126,1.9003175171217075
input/frame035.png,b11011,176.0692213409871,117.62050966248763,4.316180542903065,14.793804995785095,1.889862754559862
input/frame035.png,b11010,170.69783032092403,131.07192323697686,4.911045872514098,16.0794230895502,1.9506107207123449
input/frame035.png,b11001,159.5119942296701,151.42780266578555,4.9890599481903735,12.5251963519331,3.3674587615609366
input/frame035.png,b11000,146.62813323790016,150.1235200082131,5.090531030671447,14.422608594204764,3.147760806834256
input/frame036.png,b0011,155.50463972946454,114.59226902613604,5.380472521460725,29.00383309154747,1.8766496902928076
input/frame036.png,b00101,145.97143135289426,132.3334038235177,5.73020471082708,13.573625734707118,0.9092631226595207
input/frame036.png,b00100,156.43392258962132,141.46142027525414,4.957501927358476,15.579699073595798,0.6041297633322508
input/frame036.png,b0001,129.6543718854361,147.4985537465027,5.397053358839983,29.53498103373313,2.3447094854311694
input/frame036.png,b0000,130.87764041595415,166.3517197039197,6.940121846120462,27.139878881407245,2.013960486470541
input/frame036.png,b0111,143.00615668128648,112.62164933789259,6.216225544826481,25.693639886103266,2.0497797708990557
input/frame036.png,b0110,125.59253191592256,137.29461839555933,5.046754770610568,24.37148498937903,2.3680622048394175
input/frame036.png,b0101,121.88203898994536,125.26861788020113,6.1099488474868515,33.350162234186215,2.2923938564956705
input/frame036.png,b0100,110.75129794163472,154.91144655848674,6.820914108267588,37.81253772533622,1.3025719127211506
input/frame036.png,b1011,192.92277505882586,112.27369099825535,7.215687916834839,28.638642666449037,2.4913184275203735
input/frame036.png,b1010,180.02636839390675,137.5647225043684,5.687507413207879,27.949057877768187,2.21820253263323
input/frame036.png,b1001,178.47750279559827,156.11630190824312,6.2119387854666055,31.122927961691758,2.6547894310836457
input/frame036.png,b1000,149.69851966155016,162.50740066917473,6.047489297431372,23.72287445230672,2.998785564140537
input/frame036.png,b1111,169.84686681616475,93.79818197706291,7.126284530864337,28.453885782036057,1.0240718003224625
input/frame036.png,b1110,163.98643881155368,120.93134549020053,4.456524760832492,26.277966773663607,1.89474101910141
input/frame036.png,b11011,176.52669246822677,116.44228142081103,4.400692264164175,13.90125806276001,1.8586898113332715
input/frame036.png,b11010,170.67892649314476,131.88706716711397,4.5725982295377605,20.192752628301072,1.9640116693622305
input/frame036.png,b11001,158.60374953311432,152.08803456330253,5.063843070209113,16.42699034046659,3.308142187441371
input/frame036.png,b11000,144.6060137177233,149.4626895336261,4.820449107560125,14.984979140738865,3.233926174670478
input/frame037.png,b0011,155.1331143045284,114.81347765208223,5.61272135075558,30.872915568487315,1.8722466801052209
input/frame037.png,b00101,144.5861924395531,132.67999390930518,6.131429002889684,14.885895444653988,0.8607570967293324
input/frame037.png,b00100,155.81371877284485,142.4333468660924,4.747275673248815,15.81776548765808,0.5432759829563986
input/frame037.png,b00011,133.06369050627598,142.23587265313,4.515689447340541,14.460113970107324,2.2979497326026967
input/frame037.png,b00010,123.33214422364622,154.61214798523434,4.629045309438362,16.74104356362731,2.3172311953582474
input/frame037.png,b0000,131.01420602768783,165.0972196312528,6.997647807240876,29.86542058861214,2.012365891798242
input/frame037.png,b0111,141.6528872839372,113.49166352377846,6.404449923502633,25.457503898526422,2.0487477009585535
input/frame037.png,b0110,123.34422162860317,138.60727805212548,4.660824969604808,24.003143998613023,2.264451376589351
input/frame037.png,b0101,120.60741846921445,125.16186014553625,5.74379891798965,33.636934630243346,2.310716027539219
input/frame037.png,b0100,109.20679161510252,155.71584356918856,6.480609657002865,39.41692468124863,1.2879210732679771
input/frame037.png,b1011,192.4570726775378,113.14292152954245,6.627221773976105,29.879906723931345,2.4249313557380883
input/frame037.png,b1010,181.15441604959813,137.0259634195538,5.938788350768057,27.80973392128034,2.250560665400146
input/frame037.png,b1001,179.21909735855985,156.64955601397833,6.721332680667508,30.771046790515253,2.5710559181157837
input/frame037.png,b1000,150.15331453335838,162.7904064711787,6.115866103742542,23.730081711134595,3.032138765182357
input/frame037.png,b1111,169.89242383860562,93.88262522801539,6.987024907699066,30.01847262400166,0.9179048661991126
input/frame037.png,b1110,163.78610601730145,121.1002472622211,4.483207920376977,28.682236900168622,1.8947148603367034
input/frame037.png,b11011,176.40204737263045,116.3557764908062,5.175503719922559,14.52054277313374,1.849608024231398
input/frame037.png,b11010,170.5396398542559,132.5248351431569,4.444695361228237,19.155847672140965,2.0082498091026038
input/frame037.png,b11001,159.14688445758003,152.95242589229315,4.282462323842364,15.221693216225932,3.302691854108794
input/frame037.png,b11000,144.15698086791076,148.86091166413294,5.411640283598882,14.931874719210652,3.342259459947134
input/frame038.png,b0011,155.1718991244011,115.30605819125034,5.721034893415436,31.92376520325153,1.8875587858873093
input/frame038.png,b00101,143.1115148315335,132.42658208456888,5.928879155650981,15.762543063180942,0.8749548775363484
input/frame038.png,b00100,155.12968262802627,143.06922194251774,4.800793926445147,17.037307163169945,0.5104697798664458
input/frame038.png,b00011,130.9780374601402,141.79387639387753,4.622779889886002,16.645064069459693,2.198648673819986
input/frame038.png,b00010,123.35835684286208,155.90522459249004,4.805056984915011,18.289841509260935,2.159522068803282
input/frame038.png,b00001,134.16126949728175,157.5297396849164,5.678923997024078,14.738119354479142,1.8650919078583377
input/frame038.png,b00000,128.45618919454427,171.25321389899233,6.792947959123834,15.716834302993142,2.0540039899907234
input/frame038.png,b0111,141.55671982817023,111.82797449099219,6.445077598962358,29.7866646705002,2.2173148768009883
input/frame038.png,b0110,121.13712437215244,139.2358841161687,4.37014833011822,26.572804672334396,2.1082034105021634
input/frame038.png,b0101,118.74524366401407,123.87732285685198,6.256311045403543,40.126376597832405,2.2700207780564643
input/frame038.png,b0100,107.92214968994172,155.05539158879301,6.428793941064839,41.256602825702856,1.220025794407279
input/frame038.png,b1011,192.48452575323716,112.96342600681916,6.941397841914524,30.877661536449015,2.3995926254516498
input/frame038.png,b1010,181.8940196825221,137.81063874091927,6.0067218622911644,30.533349544883258,2.249571708534686
input/frame038.png,b1001,178.72352362925943,157.6405546338459,6.756227958851777,32.710821504540135,2.468997395112108
input/frame038.png,b1000,150.10928337995543,163.67915504979953,6.192300711065056,25.695895244028264,3.066170089397089
input/frame038.png,b1111,170.2477188653027,92.81983619217283,7.155050655288187,32.41654308209451,0.8005124794249894
input/frame038.png,b1110,164.43882373272555,119.97671911863016,4.5318348372621555,33.05375788200137,1.883857403978032
input/frame038.png,b11011,176.37137494505149,116.37934986727153,4.847530336997713,17.507648694004967,1.8201402689797836
input/frame038.png,b11010,170.22908622963598,134.28021931511523,4.851710435993593,21.296148196476267,1.9388029831686382
input/frame038.png,b11001,159.36800376889784,153.90296512780068,4.632453946904389,16.275886372452003,3.247040929637499
input/frame038.png,b11000,144.18213479935383,147.64244761717333,5.242919305430164,15.200192248559246,3.7232025813450633
input/frame039.png,b0011,154.79477887565605,116.48611939218245,6.013536864879742,33.71999130482405,1.8388155184993429
input/frame039.png,b00101,142.9201036105142,132.71774940823695,5.855554188455589,15.503647565307396,0.9948858975854042
input/frame039.png,b00100,154.79572118661673,144.3082722635172,5.295129187160438,16.386629712179573,0.5606894609686139
input/frame039.png,b00011,130.72091797143742,140.85041544500547,4.2172183414218924,16.498733816158204,2.057558204142787
input/frame039.png,b00010,122.8135323936188,157.50127496493624,4.6675579784604,19.401647193777503,2.073106018531293
input/frame039.png,b00001,133.91860726917767,157.43191922498838,5.0937677869575895,13.88055856849588,1.888903951748556
input/frame039.png,b00000,128.29836823708254,171.5493389157113,6.411306705494398,17.553557485015155,2.0414839327326413
input/frame039.png,b0111,140.8179800103206,111.72342690423282,6.011268330925954,30.07407088416567,2.244083166320509
input/frame039.png,b0110,120.5557277468276,139.49399608418557,4.671589492410971,28.526839459620582,2.007917784295424
input/frame039.png,b0101,118.68095724243058,122.88130761428566,6.134581960807438,38.47592165304531,2.1967993065603695
input/frame039.png,b0100,107.48284265650626,155.6007979966021,6.334502888830806,43.2823251231469,1.2235726544082386
input/frame039.png,b1011,191.79971548713388,113.91642070625998,7.054185657734965,31.30711671278029,2.4010054525870452
input/frame039.png,b1010,182.31703632235863,138.06953985493396,5.595329159359246,32.99853973806432,2.311275104360439
input/frame039.png,b1001,178.62140672361645,158.59405348757355,6.453592753479472,33.55625837556709,2.385765627468965
input/frame039.png,b1000,149.866166231748,164.72540473518333,6.241217407298276,25.28418857799446,3.0694174093542257
input/frame039.png,b1111,169.76804184846162,92.99968247075272,6.9999276465466025,34.32582654278747,0.7428101168576474
input/frame039.png,b1110,164.63629188132643,120.39281008661135,4.9844185215388075,33.07298457430121,1.8684315671601852
input/frame039.png,b11011,176.40725640303177,115.86353148831041,5.017013805056722,16.584153273162414,1.8757197221861595
input/frame039.png,b11010,170.5607935162288,134.21566645680844,4.999443891013815,23.11973082049059,1.9000556182220647
input/frame039.png,b11001,158.53036647214597,155.67432705278034,4.572715365305872,16.227324672144583,3.263463950476321
input/frame039.png,b11000,143.614721526185,147.58388265687708,4.790931815807582,15.603721828158054,3.84415647049154
input/frame040.png,b0011,154.91186944395295,116.80088693300576,5.642998929955578,33.34860885477582,1.794707954041799
input/frame040.png,b00101,141.3905632928001,129.31393392941538,5.748446816292025,17.598531622922124,1.14846256310885
input/frame040.png,b00100,153.64008241398216,144.23290112419073,4.4175487914178255,16.45133680750176,0.595096665929685
input/frame040.png,b00011,130.22899522629757,139.61326065544756,4.600811020158005,15.756308186198826,2.0882120028341475
input/frame040.png,b00010,122.95642013935655,158.79934561687836,4.569685321356278,19.8916505460816,2.0129273067617297
input/frame040.png,b00001,134.08835273312155,156.25324321293576,4.84860256961666,14.54379744504493,1.8607034323971772
input/frame040.png,b00000,128.17262155983875,173.09391467009053,6.076854445858209,18.190088074362908,2.0660277065949364
input/frame040.png,b0111,138.20200089869002,111.57397508000192,5.820266077270402,33.462531465349116,2.3758586219757034
input/frame040.png,b01101,121.7221232377075,133.9477489252864,5.170453091711152,15.199091160375044,1.9149963319287004
input/frame040.png,b01100,116.19339288847023,148.37489761582552,5.067580463594317,13.812411833951064,1.8016354548914832
input/frame040.png,b01011,121.88606375688406,112.71920722320823,6.048072986635506,21.442097337661934,2.2621110134180054
input/frame040.png,b01010,111.80991190302848,129.0420492577148,5.717335219894867,20.337985512486835,1.9708765460617084
input/frame040.png,b0100,106.20264271548648,154.91739853035597,6.3871307893844245,46.43990968045587,1.2102698101395224
input/frame040.png,b1011,192.6864444476726,113.47736879611145,6.520049821453182,31.74816212420647,2.3852050262930455
input/frame040.png,b1010,183.82231147909295,137.38129229882824,6.108513492742736,33.56822810294884,2.3297477223183205
input/frame040.png,b1001,179.00835679906976,159.3325912314187,6.547073510889027,35.8465070662049,2.325755576606926
input/frame040.png,b1000,150.00780014872012,165.7663810679463,6.213372690476669,26.676646374203933,3.099129067758273
input/frame040.png,b1111,170.67410953429055,93.2026502126885,7.060757802893393,35.84025902541433,0.6984863749707969
input/frame040.png,b11101,166.68537672249494,112.30657544113375,5.0603377834808345,18.899805297847173,1.9582304447575942
input/frame040.png,b11100,162.32175734226223,129.21387136598963,4.427331008620512,16.035169239207704,1.8275140076464564
input/frame040.png,b11011,176.45506623292985,115.71402477638657,5.384305922893103,16.360743184388237,1.8896388958974102
input/frame040.png,b11010,170.43038418437263,134.90935825231935,4.848911007991477,26.797810290041664,1.8746428142533778
input/frame040.png,b11001,158.91560131398404,156.80284557157154,4.503972543147272,16.921357566637198,3.232676681321982
input/frame040.png,b11000,142.22375961798357,147.03234354341038,4.875685617005959,16.234539658420157,4.104576428257656
input/frame041.png,b00111,156.62609368215018,109.7256601959563,5.305376872996559,19.900408318301892,1.924485643807682
input/frame041.png,b00110,152.5791438607469,127.31505636188317,5.005207629534116,16.928238533069923,1.5603498304066525
input/frame041.png,b00101,141.74925824080202,128.29487230753156,5.720816051387939,19.110977556343133,1.2493781408151716
input/frame041.png,b00100,153.79471788740457,145.93265045847025,4.541268407854887,16.636545239568058,0.6617242243394169
input/frame041.png,b00011,129.61530835588135,138.889033302141,4.669463996892716,16.97803240825923,2.041380958537611
input/frame041.png,b00010,123.4644280145747,160.03504155971157,5.168299385227823,20.05844075367605,1.9416013692331164
input/frame041.png,b00001,134.2000017540262,156.7543550502067,5.1277805056021535,14.824150883092093,1.7701285051015352
input/frame041.png,b00000,128.03930727131703,174.68024275499167,5.999787155066196,18.495828452848283,2.075869295276774
input/frame041.png,b0111,138.22291952152514,111.48014900186166,5.895897728395452,36.351012175421104,2.3758586219757034
input/frame041.png,b01101,120.52711723544832,136.14859085272042,5.035361125173861,17.976396643903204,1.9305704466495068
input/frame041.png,b01100,115.95229819537,150.5554557405353,4.664131762850305,13.332786019237076,1.7009785652774037
input/frame041.png,b01011,122.11713867479523,111.79635425590472,6.514434535230823,20.112068155930842,2.227730445730759
input/frame041.png,b01010,112.22115411954049,129.3092101298552,5.928644849168527,21.951243285023,1.9410937433107147
input/frame041.png,b0100,106.07625888856032,154.93519817938136,6.3880081151427595,47.79458262434747,1.1957584054305728
input/frame041.png,b1011,193.27120172336276,114.05547842505605,6.21568202649808,34.02233141369357,2.3458670030762465
input/frame041.png,b10101,190.57697926594588,131.38338049499944,6.684528898301433,17.3278968988021,2.331121984220912
input/frame041.png,b10100,179.5988983124053,144.0075030405532,5.865089769690266,17.918333694619463,2.086432577235335
input/frame041.png,b10011,185.68821954825114,153.48473755558263,6.507213937471772,17.855038668007793,2.4781824635685177
input/frame041.png,b10010,173.9253213042646,168.0525272709869,6.550752860102783,19.738151900884816,2.2009344957962105
input/frame041.png,b1000,150.89359303236836,167.09691081213975,6.143113022858138,29.192320389620143,3.157455327297336
input/frame041.png,b1111,170.81815350500253,92.96106847129525,6.887572957922239,37.35930196144395,0.6594801907881276
input/frame041.png,b11101,166.8707586964365,112.42070067811416,4.77063888211914,19.78423477558936,1.895187667309914
input/frame041.png,b11100,162.58203148727867,130.04700864277146,3.574920062933947,17.06188464033923,1.7646672218569117
input/frame041.png,b11011,176.2523934405019,117.01988107757344,4.929646031472353,19.75747077209318,1.868671267155046
input/frame041.png,b11010,169.87677136941622,138.92794993736874,4.515719775880365,25.013029137244445,1.930562770753192
input/frame041.png,b11001,159.1613284213262,157.84819577426398,4.411496470024922,20.256734766205714,3.215420531926965
input/frame041.png,b11000,142.19674399546463,148.2248167964058,5.0294610091288625,15.593022969344315,4.079172362901445
input/frame042.png,b00111,155.913891712021,109.56506241114458,5.796362345924108,19.08432979494085,2.041007771060153
input/frame042.png,b00110,151.5287123428873,127.7355960519483,5.029663008403188,19.86611818589617,1.552376998281874
input/frame042.png,b00101,140.88079207840516,126.77277293777072,5.593093187350028,20.000027626335413,1.473194949269293
input/frame042.png,b00100,152.14644850219773,147.55078775280577,5.043510146986125,17.053780006656854,0.7040280712469781
input/frame042.png,b00011,128.94311715605653,137.1584671338538,4.792554284666754,18.434936176660713,2.045284860630459
input/frame042.png,b00010,123.14625855175328,161.4117828277994,4.745094880462783,21.228763696547624,1.8306890260859452
input/frame042.png,b00001,133.44100441753733,156.72597732384264,5.200622915684368,12.952540237159008,1.5194830291750219
input/frame042.png,b00000,127.86701465482061,175.7230585701953,6.241335993370254,19.606903613475488,2.173172577520226
input/frame042.png,b01111,144.3515793208168,103.83144708271892,6.42891035410608,21.025955712488845,2.4996621865605375
input/frame042.png,b01110,130.11348404921188,117.41006793588383,5.764797789878529,17.2079269958184,2.305048275832642
input/frame042.png,b01101,118.6400442023152,136.37982502532304,5.118269120764202,17.208373228962337,1.845437550000317
input/frame042.png,b01100,115.01536521817468,151.96777057971363,4.774518194455176,14.848477335987837,1.615076724569591
input/frame042.png,b01011,120.93333545081606,111.28151559682685,6.2563315010222755,24.256102713605657,2.2643945700672585
input/frame042.png,b01010,110.2428647362324,130.3770676475259,5.9819994112156465,21.74736821549736,1.8830984224222125
input/frame042.png,b0100,103.90205602517527,153.85266703856914,6.516054325297035,47.993618144834436,1.1970973530108444
input/frame042.png,b1011,192.65738310308365,114.67499427612105,6.188709206598272,33.44145192088877,2.3483997333229505
input/frame042.png,b10101,191.29614307558498,131.53255647933395,5.847251681265201,19.84057615776316,2.3632541831070157
input/frame042.png,b10100,178.63614175973075,146.74098337715273,4.697150178183103,20.202435048738923,2.0539516901389043
input/frame042.png,b10011,186.28817252018115,154.22270537791292,6.088314973682853,17.023037650311526,2.334460839715175
input/frame042.png,b10010,175.53605396035576,170.15117362160018,6.265289261323837,22.925845520432844,2.052587592732759
input/frame042.png,b1000,151.7137685606883,168.97370219761603,5.696497677179884,32.18300192782573,-3.0659277421158073
input/frame042.png,b1111,169.20200842364753,92.0197649961345,6.927475305078151,41.536629120898155,0.6524741683177518
input/frame042.png,b11101,165.9367788994993,112.49298693061863,5.018156846896936,21.656540107045803,1.8504461191036006
input/frame042.png,b11100,161.9003209025592,132.4021643009399,4.463121934368154,19.469660654158414,1.7814064176313538
input/frame042.png,b11011,175.5583326508238,118.09727018464267,5.076913594592511,19.767808851420423,1.794574330111775
input/frame042.png,b11010,168.76499937012767,142.74225822232293,4.495275093619624,24.352309941352225,1.8952453913390082
input/frame042.png,b11001,157.6698211307202,160.0770980625207,4.303382535593846,22.050972722405508,3.2021233182473816
input/frame042.png,b11000,140.36722537083477,148.9045179688667,4.9656139569716995,16.70716364399804,4.14946605322458
input/frame043.png,b00111,154.99933756463307,108.5267163886203,5.496744621522933,20.630790351389944,2.05521883531682
input/frame043.png,b00110,150.2050137995764,127.28945690517682,6.268013669778133,20.209947347401055,1.5188122502898187
input/frame043.png,b00101,139.9560452936075,126.06551321122953,5.497670827440463,20.699450031707045,1.489972383643468
input/frame043.png,b00100,150.63601229685045,147.7718955257471,5.126908182656039,19.142922059310223,0.7461922426906589
input/frame043.png,b00011,127.82276197735067,135.64259429857637,5.222129680124174,16.883034951845186,1.9460486269635557
input/frame043.png,b00010,123.10186038355644,159.4200534526423,4.783492873194131,20.33509554686717,1.6732120128610144
input/frame043.png,b00001,132.86248303623688,156.82437483038973,4.483019081039534,13.36448419132889,1.5396415759985864
input/frame043.png,b00000,127.01847443576617,177.4418679448684,6.061822514993184,21.78391570803647,2.1552489422153003
input/frame043.png,b01111,144.2003581167179,102.15201246855352,6.849182050383498,20.601113898057516,2.5154003774261375
input/frame043.png,b01110,129.7122991375412,115.79104814429293,5.333167940620769,17.71081221083443,2.311907846704257
input/frame043.png,b01101,117.5172739978709,135.81351003513498,4.722239007001975,16.85810262701474,1.923973721498645
input/frame043.png,b01100,113.83849064771537,153.67974291287658,5.188712420386221,14.5249963707996,1.4462489341799936
input/frame043.png,b01011,120.58755146841067,109.74764153436276,5.882569299688415,24.435521578683705,2.270514255554784
input/frame043.png,b01010,109.31985806759961,129.30784443895107,5.332427530684297,22.315872037334657,1.8644161102334382
input/frame043.png,b01001,97.22670681404166,140.05057876887577,7.05764294703459,21.735862867706615,1.2487031237512198
input/frame043.png,b01000,106.85502359471083,163.89814591510108,6.225475647145657,32.05737881169335,1.1328209202849742
input/frame043.png,b1011,191.30750748491613,115.11031379058483,6.278265252848135,37.411719885922935,2.3490091751690754
input/frame043.png,b10101,190.89774996977488,130.92037599666855,6.096494419494621,22.398561475773132,2.383297999221457
input/frame043.png,b10100,178.3969860718076,146.82565301592322,4.7328796086568135,19.818600675995246,2.0227092426367186
input/frame043.png,b10011,186.05587238227957,154.07987279763233,6.092444617048153,18.82823266223574,2.3025254829570305
input/frame043.png,b10010,175.37099349702498,172.07567677906778,6.653042079032067,23.96336445806339,2.0194655514145263
input/frame043.png,b1000,151.71157817271248,170.00179244696517,5.54755748171262,33.07126659562599,-3.0147353855990016
input/frame043.png,b11111,161.1355575524985,85.64406258995653,7.222689694593007,21.3000838632869,0.6487430807955396
input/frame043.png,b11110,178.8780670723051,98.72816057133275,6.701345866608186,20.58158614365817,0.6499434962137718
input/frame043.png,b11101,165.4472454376383,111.06262572400802,5.096683415540731,22.549132736282946,1.8760550071876552
input/frame043.png,b11100,160.44907403911176,132.75586098441005,4.7342599946643755,19.445277077870532,1.7170514769713106
input/frame043.png,b11011,174.26610916002207,117.32048160434742,4.710016345033534,21.379528394469865,1.8207047147617872
input/frame043.png,b11010,167.810572411106,142.8030846517127,5.454024660669199,23.933639515504897,1.8753697511888825
input/frame043.png,b11001,157.67744770816898,161.53694070704015,4.24662760396949,23.250664537947028,-3.0043984651352953
input/frame043.png,b11000,138.97460777663716,149.09870617435078,4.930656291558005,17.52717751935311,4.140986398321566
input/frame044.png,b00111,155.04939775501595,107.66698966881978,6.151862177200473,22.424697382062494,2.199094163274091
input/frame044.png,b00110,148.92543387717552,127.85967455539259,5.056736991345291,19.318954194422705,1.3559493235104911
input/frame044.png,b00101,138.23231077738726,125.66562156452409,5.318012925695059,21.196871835561378,1.485038124633638
input/frame044.png,b00100,150.9379974203631,148.6384894805743,5.417102011226039,18.46157406875778,0.7138233202795209
input/frame044.png,b00011,127.02785662779854,135.18019775786414,5.273629338567648,17.296847659856557,1.7841891270920778
input/frame044.png,b00010,123.04111854670988,160.24355760461216,4.885814206312825,23.111639558891415,1.6789301384346327
input/frame044.png,b00001,132.9335518287223,158.00545774190428,4.834781177787836,13.005919013808068,1.4262337031488377
input/frame044.png,b00000,126.13917094705543,178.9806087374951,6.221425045844356,22.654376765693055,2.070664309459464
input/frame044.png,b01111,143.98564177912482,101.59854640171396,6.445318574481962,22.252900404707248,2.569119978227237
input/frame044.png,b01110,129.1697028688515,114.06654124566127,5.531297505213722,16.486890659248385,2.273875149274358
input/frame044.png,b01101,116.53365148852687,135.42153376491032,5.154733789328057,16.01705508032536,1.9241921874881331
input/frame044.png,b01100,113.2300601899981,153.39576672594032,4.586299852929757,14.616695613276411,1.4764051996453833
input/frame044.png,b01011,120.02184250568942,108.54686471066837,6.104749074920096,24.18801565238039,2.2879233374567898
input/frame044.png,b01010,108.19121437917696,129.85072366646517,5.563663364809177,26.091835732656325,1.9069215007817304
input/frame044.png,b01001,95.72561619872742,139.68068378104385,7.170034460389569,21.542008506970564,1.2781888746391405
input/frame044.png,b01000,106.92797806757729,164.83947663703483,5.93382334323593,34.75949049579872,1.0870636494403279
input/frame044.png,b10111,197.22062204222354,109.5569783470752,6.175831432670858,23.983650381491085,2.352350033509539
input/frame044.png,b10110,182.20378506537867,125.96266698879711,5.825673273421458,17.95213585787036,2.256434409079469
input/frame044.png,b10101,191.8898897162538,130.74596601340284,5.87845276080943,24.08544635960148,2.3438697719923316
input/frame044.png,b10100,178.57221848590794,147.50577776461992,4.978151790829749,20.806859814844124,2.0546004803090265
input/frame044.png,b10011,186.86601312103696,154.47474759303412,6.271517200745066,19.467016159908397,2.3097168781240556
input/frame044.png,b10010,177.14399754497606,173.45547433774084,6.585922385554749,23.638947073013373,1.9637490395344765
input/frame044.png,b10001,162.45822316788582,172.23672114206644,5.6752138886539365,16.679096465049046,-3.180962189415954
input/frame044.png,b10000,145.2629373985763,170.3660044110114,5.611105610651843,18.245543195353537,-3.0615073857209154
input/frame044.png,b11111,160.87201238388658,85.99068761563701,6.924254398442343,23.57259889881572,0.5996789912206743
input/frame044.png,b11110,179.63645203308684,99.0120984702553,6.4406233056534195,21.287041000996037,0.5132939310359985
input/frame044.png,b11101,165.95098248978044,111.39886610031289,5.155153813908441,21.097385253130202,2.4006891778247863
input/frame044.png,b11100,158.98433194034024,133.74492116513045,5.294987009565184,18.147953269314378,1.613312485472327
input/frame044.png,b11011,173.98710463182493,118.43961064417354,5.073919603539226,21.835547413641457,2.407746240304531
input/frame044.png,b11010,167.76702847835108,142.90297838686038,5.585745071871476,25.576132693546583,1.7716309360164628
input/frame044.png,b11001,157.53772794894246,162.55723310679232,4.530865396725384,24.070615128385832,-3.0481189320292277
input/frame044.png,b11000,138.44611984367694,148.72087303547522,4.6159109769843845,19.151748012176334,4.118382439444258
input/frame045.png,b00111,152.98548605529518,105.69772800912735,5.283107111102716,22.343979704939798,2.556482614093766
input/frame045.png,b00110,147.48797513842797,126.73492041789387,5.404816684851219,21.697564303101334,1.378829363245678
input/frame045.png,b00101,137.27629584547103,126.05787840030924,5.355926053507915,22.620348551549377,1.527911479697077
input/frame045.png,b00100,150.8345707600482,149.508122163295,5.332300938916996,21.072490428363217,0.7062434062689827
input/frame045.png,b00011,125.96304311600598,135.03180127754143,5.229164033389269,16.761719371422373,1.7896764291354783
input/frame045.png,b00010,122.25621218221193,160.1191838262445,4.045409824149945,25.640189255008153,1.6390705654158373
input/frame045.png,b00001,132.3323664168882,157.64547001374532,5.240291253774415,14.805579251557587,1.4323069666227615
input/frame045.png,b00000,125.14189977631165,180.9773187111557,6.250783457197914,22.695886011663212,2.0632092443689087
input/frame045.png,b01111,143.15995974067292,99.58668346832015,6.288940253902681,22.885316948176467,2.6437686910924
input/frame045.png,b01110,127.5828655806505,113.09507637200028,5.19829813022431,16.574922183999426,2.27007268902626
input/frame045.png,b01101,115.34539747380329,135.9152610240555,5.297217927560438,16.88066535501773,1.9068181684760082
input/frame045.png,b01100,112.12474322146836,154.25690530514152,4.975468300772486,15.150366845387932,1.420888500546252
input/frame045.png,b01011,119.08577036461497,107.11803927962953,5.7384392090211,26.68424003440652,2.2688393272848684
input/frame045.png,b01010,107.1312112921803,129.66704743144095,5.352174520468417,28.055297729774022,1.8764886165613002
input/frame045.png,b01001,93.15263365081724,137.60100055934524,7.1099533741593035,19.561396270134104,1.4392997321338028
input/frame045.png,b01000,104.72979343004597,163.84217707205482,5.870946310585903,41.8222569137779,1.0842662313896032
input/frame045.png,b10111,197.2265936300684,108.93759919047316,6.790588168998543,23.947246478067303,2.387964115587891
input/frame045.png,b10110,181.07630975577538,127.80779199419024,4.459205075878709,20.306932605915595,2.206199421165286
input/frame045.png,b10101,192.57161555289443,130.373372577732,5.831161913206662,24.67835380723865,2.368940050101304
input/frame045.png,b10100,177.9240791087845,149.01446531963492,4.887573581009693,23.00963336971069,2.038827131185681
input/frame045.png,b10011,187.477905924887,153.68721946682558,6.225017717507316,18.82365080749132,2.277563945858677
input/frame045.png,b10010,177.5922442871875,174.4548222797478,6.467054642645249,30.071077618059988,1.9166888545763205
input/frame045.png,b10001,161.68376776137342,173.7419200990097,5.447261101490127,17.706241558418192,-3.2173571943007726
input/frame045.png,b10000,144.15173331596876,172.09245610246967,6.085034904705976,19.3218560861775,-3.061319654275032
input/frame045.png,b11111,159.75980625988615,86.404140445638,6.643335102531356,25.291428561322654,0.45385245346819575
input/frame045.png,b11110,179.64925797914455,100.35273580190167,6.441120227423801,22.00727808702778,0.36307251896544024
input/frame045.png,b11101,163.43951548878132,112.17062866214144,5.281854589118949,24.557876144328883,2.6411854309373335
input/frame045.png,b11100,157.51683288788033,133.55406333426177,4.696213695033794,21.158595929065513,1.585767461823359
input/frame045.png,b11011,174.4938468532404,117.49737347033943,4.758739557727758,23.34008851365492,2.566915568077543
input/frame045.png,b11010,166.63783421404767,141.46164563215797,5.51727999899092,26.895652108145494,1.693602834380379
input/frame045.png,b11001,157.0302617995075,163.10762419743284,4.212462791236841,25.38648874652415,-3.1209197025107316
input/frame045.png,b11000,137.58879797529272,148.8342118013897,4.084375450495794,19.371385650521027,4.139056676315974
input/frame046.png,b00111,151.4006296970099,105.40131472369217,4.7894777096270476,23.210522164264216,2.659906915683347
input/frame046.png,b00110,145.63958313627876,127.12014071379454,5.126846437923346,23.4050290013593,1.3845163753512535
input/frame046.png,b00101,135.20726778018806,126.52714700801816,4.984258990752069,24.795939063075306,1.511907084297181
input/frame046.png,b00100,149.45576318190894,150.88538222528678,5.276043610758979,22.609053295786396,0.6935727042232849
input/frame046.png,b00011,124.36794396335739,135.0495271851168,4.61303110038566,18.484514337938194,1.710058051707248
input/frame046.png,b00010,118.97809928358616,162.12919761055502,5.089158928177227,25.66316152447869,1.6618160545474523
input/frame046.png,b00001,132.03843006379952,160.7925083378049,4.666647104641234,19.81786075039097,1.0781728030951132
input/frame046.png,b00000,123.72009035063826,181.411888541215,6.289755977575074,22.135250111032178,1.9537315659873247
input/frame046.png,b01111,141.79690701122502,97.87179016903492,6.289974852990215,23.857859293600825,2.6597226288949014
input/frame046.png,b01110,125.23751739185093,111.83083662049245,5.387819286299227,19.833504595151016,2.156995589873794
input/frame046.png,b01101,113.62359699023813,136.79599340830055,5.192256275469374,17.642300078400226,1.686076324630147
input/frame046.png,b01100,108.68028499841904,155.35359404403053,4.874192232989756,14.95978374902364,1.1227949806022097
input/frame046.png,b01011,117.93559248708695,104.25836609212158,6.029227126245767,25.20856934243719,2.239174721222171
input/frame046.png,b01010,104.85450285387026,128.3521753849011,5.835122207467271,30.80401024463732,1.9548513316569776
input/frame046.png,b01001,89.7445458582571,138.65232766396946,6.908264450063591,21.67102541815876,1.425651614042622
input/frame046.png,b01000,102.90315022800104,167.2113302825529,5.820600237178498,42.824745813076376,1.0928542587469043
input/frame046.png,b10111,196.7074314290487,109.64043641863154,6.465421258450683,24.565854159018166,2.3813457623356356
input/frame046.png,b10110,178.9121211921458,129.85709789627433,4.925996354879233,19.757408419473055,2.2085723382120714
input/frame046.png,b10101,192.36722850968638,130.52068154833046,6.129207069360103,31.77578998059977,2.382433415866707
input/frame046.png,b10100,177.02113011052822,151.2302123310146,4.899106512255573,21.656950399941486,2.1000225212750037
input/frame046.png,b10011,188.41140030351616,152.31813740453993,6.344637474517878,18.93278971615383,2.2592383910319707
input/frame046.png,b10010,177.51770521494225,175.36207402139502,6.017217876227214,32.65785601312578,1.894088530184121
input/frame046.png,b10001,161.14521670545705,174.85519220796377,5.152068095377752,20.09325081458683,-3.3289141160634883
input/frame046.png,b10000,141.69174950242737,176.0558364542864,5.621526152540784,18.893972938632963,-3.252980821577899
input/frame046.png,b11111,160.0749615652772,86.05585977618419,6.846119291546322,25.6480259657796,0.2886091353610474
input/frame046.png,b11110,179.33818641334068,100.35740511903359,6.006225590383063,22.48152097901954,0.27855394147806956
input/frame046.png,b11101,162.37232892319741,111.81249175049165,4.676156553529794,26.57063073588737,2.6894349505778403
input/frame046.png,b11100,156.02593349429955,134.00869829402632,4.7962254728788505,21.38044592291199,1.4753682482556487
input/frame046.png,b11011,173.50988680486606,117.58318191924694,5.131147623989941,24.787002734150935,2.698605836075115
input/frame046.png,b11010,165.5244302422131,140.95997479383658,5.20262609574823,27.32307400008824,1.6440762545597591
input/frame046.png,b110011,163.25379144676862,164.78848158168205,5.137640854169601,12.374904823353619,-3.3368123626106576
input/frame046.png,b110010,150.35287095970165,165.6492910161493,5.66250209072462,15.344265386702805,-3.208659497830134
input/frame046.png,b11000,136.38450321134457,150.3081147430286,4.236399702199101,21.628860547319444,4.086495428913947
input/frame047.png,b00111,151.33595790836725,104.67323116354171,4.9577038914417315,25.570961358431397,2.6651007527385007
input/frame047.png,b00110,144.64307703114991,127.38396170365358,5.3662735121380685,23.9952571740154,1.3723567689837417
input/frame047.png,b00101,134.17645070977753,125.68459264857708,5.019043031242411,26.35599038796874,1.5093560893562208
input/frame047.png,b00100,148.88465340136494,151.0824198084372,4.949049128733388,24.105266830637465,0.729833364707833
input/frame047.png,b00011,123.36593323019304,134.604825422796,4.922925701365483,19.105546100468406,1.631510980742241
input/frame047.png,b000101,118.65765002431208,157.23778580939475,5.43201534333063,15.814983336816017,1.4766660557521756
input/frame047.png,b000100,117.11303793863534,170.46947561143656,4.030062615440948,13.065674271511032,1.771406098909185
input/frame047.png,b00001,131.4968113081678,161.18846254209902,4.578458069908092,21.037375754236873,1.0654034801050536
input/frame047.png,b00000,123.72040826738656,180.49598714577306,5.469265377466373,25.749259205682346,1.935669566922136
input/frame047.png,b01111,141.52851201925105,97.67815467135337,6.151763852125885,26.81054068294531,2.6905318464344377
input/frame047.png,b01110,123.5697138323844,112.19214213314969,4.782517021487772,19.492083134178156,2.1168397537765746
input/frame047.png,b01101,112.42612470612688,137.45651548982792,5.04119314577328,19.96293889802431,1.7297355626184605
input/frame047.png,b01100,106.9648149815598,155.47284114168272,4.874304894706218,15.57923866511156,1.1650055823716934
input/frame047.png,b01011,117.84279619050554,101.97571638423622,5.856709119891585,23.98964395268969,2.2233738993206393
input/frame047.png,b01010,104.14542398577915,127.31115960355955,6.347978994906373,34.832876825431214,1.9703184915272696
input/frame047.png,b01001,88.09588659230172,137.62363052474797,6.813735228462434,20.711335804923905,1.4800607292489016
input/frame047.png,b010001,96.65594510642731,159.0701858267755,5.218792467023541,30.067846074249243,0.9817072702021706
input/frame047.png,b010000,107.63786903446724,179.37682485990223,6.074212077957085,19.085335163676124,1.1556985799508892
input/frame047.png,b10111,196.91573586541423,110.2687534653852,6.103632393086625,22.830641330556187,2.323610983433354
input/frame047.png,b10110,177.79591872968618,130.72402027701273,4.844789527351195,21.119542908439794,2.078393124655897
input/frame047.png,b10101,192.97152001456138,129.9714848611708,6.0275611626170225,33.93866701589921,2.376739609283341
input/frame047.png,b10100,176.91007896434868,151.22460606285898,5.034608871889878,21.046163602406924,2.1437565607461737
input/frame047.png,b10011,188.4534974672759,152.47207422951843,6.1177694200993304,21.711061612865407,2.2260868854862887
input/frame047.png,b10010,178.0925873219993,175.13635432159086,6.237948723133619,32.66339616262784,1.8958434166230638
input/frame047.png,b10001,161.6032079266013,175.27223258955115,4.970769740310348,21.180529412548733,-3.277958608599582
input/frame047.png,b10000,141.40710814360003,176.84566401786222,5.553084160269698,20.694565537115132,-3.3769875875381214
input/frame047.png,b11111,160.34805461966658,86.09789576205272,6.789821119259985,26.710364884307936,0.28819956680903114
input/frame047.png,b11110,179.50056487265175,100.1539289880371,6.469633099309653,24.262006628066512,0.2923706433706666
input/frame047.png,b11101,161.72275737575347,111.77036115262972,4.863883168586165,26.659717416275445,2.729320079765784
input/frame047.png,b11100,155.5164212302553,134.03476610714725,4.162306952175417,22.809455254812562,1.415786908262654
input/frame047.png,b11011,173.45693377581762,117.30608100694631,5.241972533152634,27.617591475783215,2.7266834912079334
input/frame047.png,b11010,165.1788553733386,142.67401348041827,5.487101796192523,30.188387130901592,1.6423381907363963
input/frame047.png,b110011,164.97621073161116,165.66368586681776,4.253987867219758,11.73150829699828,-3.493910602988401
input/frame047.png,b110010,150.8197652251675,166.36360739547183,5.055197457694683,18.24995565316525,-3.1302902971789583
input/frame047.png,b11000,135.30831472739433,149.98147905524317,4.743744390739577,22.480748966415245,-2.208065936086149
input/frame048.png,b001111,154.55303047565462,101.41053449371944,4.661936777414366,16.6482737702878,2.5171783712447717
input/frame048.png,b001110,142.6639250591028,105.66610713877878,4.945273125211474,10.73236729013166,2.826236176468365
input/frame048.png,b00110,142.76786613726347,126.13196702050566,5.095754550319959,24.70336098030197,1.3391616280291605
input/frame048.png,b00101,131.75131764804414,122.82714221197645,5.069853113681354,27.435034659832063,1.4645230086056669
input/frame048.png,b00100,147.84517391868553,150.99864244863525,4.7413532855966745,23.96533096266166,0.7178620524688218
input/frame048.png,b00011,121.20040272623206,133.24769614310682,4.89772108697741,20.7630802997556,1.7053644374124444
input/frame048.png,b000101,116.73116846095293,157.002145523505,4.648059460886528,17.86778168969363,1.533937956427595
input/frame048.png,b000100,115.75908615112097,171.54142837872752,5.034590238105661,11.874620963111706,1.7590551510116323
input/frame048.png,b00001,130.73290293858835,160.91150963182463,4.546383549672647,21.155543317337596,1.0264102967936195
input/frame048.png,b000001,125.19876174552863,174.14065493571724,5.840817010317261,11.556417326701554,1.826283255820215
input/frame048.png,b000000,121.31976533154455,186.4337349857103,5.978803967258136,15.551363825299667,2.0490877836509624
input/frame048.png,b01111,139.85788319850226,95.71578441639386,5.825524167753928,27.384147005925914,2.831917411898859
input/frame048.png,b01110,120.70379366870355,110.38035349098429,4.8452225555347885,21.026853774802575,2.0720018146529005
input/frame048.png,b01101,110.13803591752867,136.99279215861085,5.606572265004324,22.557129340362764,1.6996025062191504
input/frame048.png,b01100,105.00189308981888,156.2812033531175,4.849391147609486,16.80857231024501,1.1084168623037134
input/frame048.png,b01011,115.96283918236723,97.96363353672422,6.173762741015452,23.17969789248969,2.2738239247581773
input/frame048.png,b01010,102.008350896246,124.38395698169536,5.524823661327501,36.56915700625981,2.0021469129197924
input/frame048.png,b01001,84.89407221411643,135.52646792458597,6.573715741550152,19.15702795748852,1.4642494806989554
input/frame048.png,b010001,94.95238256239114,159.88319426052863,6.00430755434127,35.62099924595121,1.0076265923827306
input/frame048.png,b010000,106.8637666187122,183.4763364572135,5.706820211395461,17.495672347224556,1.1412498321419426
input/frame048.png,b10111,195.39620943584166,110.46873346102791,5.57612008409611,25.685468795347006,2.3407834152447293
input/frame048.png,b10110,176.54078328716332,131.1139839614449,4.741498644123055,23.402522849534012,1.9661283123259141
input/frame048.png,b10101,193.97409769271783,127.85103307503972,6.1091209865023925,35.32541295463241,2.3776137861152367
input/frame048.png,b10100,177.32963199783322,149.9291793098509,4.639755244282428,23.08439222722419,2.0867590872137183
input/frame048.png,b10011,189.82485558615855,150.44366141919468,6.163678220590359,22.31471326854829,2.192916264623159
input/frame048.png,b10010,178.8370278373842,175.52323312464722,6.32843845216093,33.212598462499045,1.908412822132104
input/frame048.png,b10001,161.13979631995406,175.4888065108503,5.380697506851068,23.91783945023705,-3.1834362123977957
input/frame048.png,b10000,139.5034702596761,177.37115458844315,5.845695275214408,20.52725491112983,-3.4700939911734823
input/frame048.png,b11111,160.04590584850703,84.61535388819047,6.5950575794017405,28.9271826532932,0.30369962372346737
input/frame048.png,b11110,178.95601382003298,98.83651179990363,6.041502590642073,26.14371141550257,0.2082505682004154
input/frame048.png,b11101,160.75476819178976,110.15853327586635,4.835773597858863,29.46238120800238,2.7961437253015413
input/frame048.png,b11100,154.27780270361222,133.5564246375046,4.655565038985574,25.433753503727235,1.4440256915647782
input/frame048.png,b110111,179.34252420366337,113.53292861985388,5.0938390346394975,15.03837472623106,2.640481243365055
input/frame048.png,b110110,165.37565266845723,119.2528265982067,5.0938390346394975,16.02557562067288,2.7675974926157574
input/frame048.png,b11010,164.52432162466917,141.4316029477846,5.135025165966296,31.077663903109613,1.6453834057517032
input/frame048.png,b110011,165.8276853741516,165.81771263907282,3.8512138368969007,13.617483303736227,-3.3813769039583064
input/frame048.png,b110010,150.55303498678586,166.21617345035443,4.744933157352876,18.781902578320867,-3.1027311915179983
input/frame048.png,b110001,137.52865165059217,154.22867640801613,4.236596001115463,10.66023405102802,-2.11846855802106
input/frame048.png,b110000,130.93623291673347,145.17266939449897,3.7504916277537506,13.779922267592609,-2.341399998449422
input/frame049.png,b001111,154.9776676831087,100.98126438950636,4.658978734588806,15.180819920400758,2.5983894124869678
input/frame049.png,b001110,142.09790216245182,105.02789547423541,5.332256587722046,13.495068277266931,2.7940037343919353
input/frame049.png,b00110,142.1361269335939,126.5096947272683,4.893046214028894,27.049196246797194,1.3179866204759016
input/frame049.png,b001011,129.93771718616034,113.92537786518864,5.474281408619486,12.267052231925211,1.5075658860049546
input/frame049.png,b001010,131.5380915717539,128.52215302827506,5.574840991168371,16.78360984862972,1.3564106158823808
input/frame049.png,b00100,147.32831660536482,151.23029335303164,4.518227042070996,27.41103737203093,0.7013888789293956
input/frame049.png,b00011,120.00989050137187,133.13367004265544,4.937584386712579,23.35843830891846,1.6640117982148555
input/frame049.png,b000101,116.59490129882437,158.75240774220748,5.341164332445581,21.31043054445487,1.5139421721895476
input/frame049.png,b000100,114.97435674449011,174.0599090956668,5.183596060508539,11.307850472706411,1.664403346357898
input/frame049.png,b00001,130.16426816146657,161.29112533276938,4.738750120172863,22.690631403327874,1.019376858973393
input/frame049.png,b000001,124.74823987423149,174.18660132242087,4.605922565261981,11.503639331147529,1.9935325352068618
input/frame049.png,b000000,121.14760262047054,187.40951816126352,5.637213009424418,17.571581472890827,1.9405164170571378
input/frame049.png,b01111,139.9011421300733,94.63846476584037,5.913204940830694,28.032194310835873,2.836730954418698
input/frame049.png,b01110,118.76642958375675,109.47177458824143,5.558246927284758,23.248439447092174,2.072425633640752
input/frame049.png,b01101,108.90385954621345,136.66927039594427,5.12795186698429,23.504127570814035,1.674805559048233
input/frame049.png,b01100,104.52609328952326,157.14989319783035,5.107658671070134,18.61481051759665,1.0929458858604526
input/frame049.png,b01011,115.69329547060033,95.43924252971678,6.2249029931585005,22.974501274624515,2.3706826709900812
input/frame049.png,b01010,100.97288894211705,123.47737467559067,5.665710763103132,41.83489001751977,1.9184047640007433
input/frame049.png,b01001,83.88606997640127,135.2299181542146,6.739605572493348,19.58961506854179,1.4714736984433254
input/frame049.png,b010001,94.62260397901207,161.05572838735003,5.7961628672506365,38.34784781712723,1.020781706259758
input/frame049.png,b010000,106.91688497638167,185.81576385268565,5.580185096499408,17.93101808430357,1.1554730159049043
input/frame049.png,b10111,194.6987392999172,111.53020716286038,5.366201253571349,26.19001586045293,2.2897463939998026
input/frame049.png,b10110,175.94521962878565,131.81889850634076,4.382893336803633,21.69611691122938,1.9233467163966962
input/frame049.png,b10101,194.97146950206275,127.0663532910781,5.717952816380932,37.64661290055533,2.3792309219738748
input/frame049.png,b10100,177.75828462154954,150.167797357351,5.089636748882772,22.513951774415617,2.1229778539548123
input/frame049.png,b10011,190.0309186873292,150.73147897221494,5.857674002112834,28.476507648278595,2.136724330144405
input/frame049.png,b10010,178.9424426716089,178.0957442494321,6.522265154854217,31.372746367341595,1.9280407917771687
input/frame049.png,b10001,158.91374904680555,175.71589791436887,5.213931035053354,26.955191795897985,-3.1301278091288522
input/frame049.png,b10000,137.45004399226406,179.19505949129012,5.563558312917866,18.66482045085459,-3.689673923574158
input/frame049.png,b11111,160.04321952788467,84.44382909219286,6.341478508673659,29.251497080938307,0.26913563228940557
input/frame049.png,b11110,178.92060092539967,99.01471404798762,5.918144288548562,26.89716115063314,0.19202434665389562
input/frame049.png,b11101,160.49013431362962,109.9788659644465,4.818111326260319,31.623096099917525,2.787722634411571
input/frame049.png,b11100,153.65482610421836,134.0266693001864,4.761863660635993,26.305265217490835,1.4121693477090054
input/frame049.png,b110111,179.46595176358528,113.29203220279989,4.266030896594242,13.573718997687378,2.649982035463217
input/frame049.png,b110110,166.70769502993684,117.97888465398741,5.646931682029985,15.947692021248393,2.939247000630884
input/frame049.png,b11010,164.25544214648204,141.64181487071764,4.938016760520353,33.88791572203659,1.6127178569845697
input/frame049.png,b110011,166.85932443057112,166.77090985899582,4.311370807019269,13.129378264521433,-3.39069913424105
input/frame049.png,b110010,151.0332609844914,166.41681843608137,4.888704363582822,18.624867090862562,-3.121763264319886
input/frame049.png,b110001,136.01624052311055,152.95146104600553,4.153832486813735,16.723445409647738,-2.1352999411962292
input/frame049.png,b110000,126.92386192542409,142.1977735704854,3.863921600459139,11.798406523302253,-2.6052444870546445
input/frame050.png,b001111,154.71679611127388,99.17521717346733,4.629789269399937,14.56203987908736,2.6501904072320643
input/frame050.png,b001110,140.7685094558755,103.24933777067812,4.8135315490546535,16.23229813397089,2.924575408661272
input/frame050.png,b001101,138.01124873596834,119.9596322160798,4.935783336269731,19.242686843070068,1.3908554001545796
input/frame050.png,b001100,142.65713171196165,134.21706291001084,4.734440597936064,12.018689352928632,1.0560657354988654
input/frame050.png,b001011,126.84459076033059,113.42295871400489,4.995979198293814,19.348557082896036,1.5181044517515432
input/frame050.png,b001010,128.88283419151705,128.56120466318956,5.2027729870570525,14.872015308281643,1.2923907596756479
input/frame050.png,b00100,145.0538657321831,149.6433233844638,4.739503710052059,29.22470443829741,0.738447669520813
input/frame050.png,b00011,117.3081197866072,130.9200910624309,5.2421461279611545,25.585413530182905,1.6052988845065734
input/frame050.png,b000101,116.26143976248325,158.65702832614164,5.157065404347138,19.39717041632265,1.1657937457857608
input/frame050.png,b000100,115.41666585256233,175.83647669234904,4.962524285897,13.54184202663546,1.9381700679461036
input/frame050.png,b00001,129.48667371988665,161.15420898667887,4.418458742770095,24.55509515947462,1.0036554858476932
input/frame050.png,b000001,125.18357767626216,176.1295788443293,4.269026423813516,14.094537955617941,1.9245764956563345
input/frame050.png,b000000,120.39834279556297,190.31844512323988,6.172454791658068,16.363593525987906,2.0236537795808722
input/frame050.png,b01111,137.6875940638715,92.11933180824234,6.06377624998959,26.953495070782242,3.0885570610745146
input/frame050.png,b01110,116.22808637823334,103.87211246460933,4.631383054880062,21.7272849429879,2.2264565934977334
input/frame050.png,b01101,106.37933983217303,136.8110189161592,4.402252971040815,22.920322021600235,1.5725013098944556
input/frame050.png,b01100,104.59918574433013,159.0322467001455,4.2117976345243955,21.215765587409624,1.055297729922591
input/frame050.png,b01011,110.59381301201621,93.47026954688162,6.109365715702096,30.431668782963456,2.401148845436764
input/frame050.png,b010101,109.30699209372123,116.28521106664125,4.778893603063634,21.22811868868271,2.070054882247683
input/frame050.png,b010100,97.7790281506361,120.091644624033,5.9900731495292,31.341360155866226,1.7902202957555235
input/frame050.png,b01001,82.33076004686042,133.91043108549962,6.220667541395788,21.0791005031629,1.4261122525238954
input/frame050.png,b010001,93.02517810138967,160.14111389722737,5.809341178640799,38.452552697007214,1.0251438732641658
input/frame050.png,b010000,106.10544386939155,186.42157292998553,5.8027199975157115,22.21239010120153,1.229495190834041
input/frame050.png,b101111,198.97323154866245,106.78106384836823,5.418097266146321,17.271642450190885,2.4736517500498034
input/frame050.png,b101110,188.40644919356433,118.0327792766958,4.6458192231683135,14.558769271588407,2.1868205453779064
input/frame050.png,b10110,174.26620859639567,132.89792048269646,4.213611283560521,25.12297486650473,1.7963017502438647
input/frame050.png,b10101,196.0026208125865,125.08957643957524,5.643752548453066,39.09251708579388,2.3749639902491566
input/frame050.png,b10100,177.62768112309928,150.3647114131887,4.990523218580631,23.112765746182824,2.042999071805458
input/frame050.png,b10011,190.44175436706175,149.25552554523665,5.626323449046444,28.256522204728952,1.9945026354537763
input/frame050.png,b10010,179.93808077752496,179.98540173806197,6.253184368852244,32.521500153664995,1.9634170390770747
input/frame050.png,b10001,160.8624910930371,176.53046341432707,5.4152532008055765,25.42362133795401,-3.10843995870725
input/frame050.png,b10000,138.4003315082301,179.57483743891532,5.956110177676777,22.928443791440127,-3.7125561314688342
input/frame050.png,b11111,160.7365043116973,83.99092478328193,6.5674443053435665,31.632307372907174,0.29408614152576307
input/frame050.png,b11110,179.62320716641707,98.12649719292314,5.224542261039972,27.80476649986521,0.20407571239351566
input/frame050.png,b111011,168.73579565040254,106.27734325868671,4.568189890390285,14.285800213833017,2.938757137373105
input/frame050.png,b111010,152.47969744028686,110.60639193469886,4.821054757488661,18.022392781439894,2.7948996468551477
input/frame050.png,b11100,152.20492248297947,132.9546870573724,4.646526148334745,28.1754835966524,1.3132601953969287
input/frame050.png,b110111,177.70214733162297,113.01123196721842,4.850778698912805,15.408302013640396,2.71136625148353
input/frame050.png,b110110,162.3765388411271,117.57005178379157,5.481460209604172,18.103387493491415,3.058481489973555
input/frame050.png,b11010,163.56632634142636,140.9319826751032,4.559001223815378,33.3950935666458,1.6264482211092823
input/frame050.png,b110011,168.30122379661026,167.70775767111988,4.324547330392059,14.042177671851103,-3.3047505168876574
input/frame050.png,b110010,150.2040444847673,166.40000287121123,4.899699951798081,17.766541904791104,-3.014543750418076
input/frame050.png,b110001,135.49707076603266,152.98132265322397,3.7250341095174715,17.33562967570254,-2.293434453465319
input/frame050.png,b110000,125.96741567357758,142.32331849201444,3.805552615586565,12.579880361695938,-2.524980153666654
input/frame051.png,b001111,154.51549374051984,99.02403631315418,4.547848248809533,16.36335033613507,2.6966746025439217
input/frame051.png,b001110,138.96431375921165,103.07945683649146,5.394383965215172,14.939262647850548,2.879797643353286
input/frame051.png,b001101,136.45523342546386,119.01202092909953,4.8679509217323655,18.87845081864633,1.4245058415239436
input/frame051.png,b001100,140.76593308079583,133.27332592917094,4.384288836514957,14.516846134998918,1.0030556343183576
input/frame051.png,b001011,124.75906737843619,111.82859424876445,4.829978248340126,18.557645875885026,1.5847268824906184
input/frame051.png,b001010,127.0324855862963,128.35231967480672,5.636270715059571,15.200423154893373,1.361289913864995
input/frame051.png,b00100,144.16555445968848,149.66508401499001,4.461333549758425,30.04377835917299,0.7410839673197663
input/frame051.png,b00011,115.68794586687923,130.63312868713618,4.869584498146812,27.068211210695697,1.627285654960364
input/frame051.png,b000101,115.3579872792993,158.7088530720895,5.575584991663574,18.510567143997577,1.1549064398837006
input/frame051.png,b000100,115.38198900707214,177.95479146660517,5.036184465472149,13.927488920335882,2.0121765156551303
input/frame051.png,b00001,128.8291212791713,160.82967395376656,4.95920371654431,25.89714032740236,0.9368907080639408
input/frame051.png,b000001,125.42883340240476,176.99034405780375,4.310027162920235,14.37159859281027,1.9827021899634831
input/frame051.png,b000000,120.3398693158293,192.04478995032312,5.651267364920471,17.36834412771219,1.9837978680358175
input/frame051.png,b01111,137.5560975022574,91.4114284587379,5.582809165766124,28.49865932924091,3.171895829490555
input/frame051.png,b01110,115.37964707141717,101.73779760066479,5.242818348243025,19.80802193051541,2.255050489546944