frame,status,pred,gt,matched,missing,extra,mean_dist,max_dist,lumen_candidates_pre,pre_cells,final_cells_log,split_attempts,split_accepted,perturb_accepted,selected_profile,initial_prior_parse_errors,cell_lumen_detected_counts_seen,missing_labels,extra_names
0,PASS,4,4,4,0,0,1.8537,2.1577,9,4,4,0,0,4,F001_084_cell_lumen_v107_density_guarded_no_miss,1,9,,
1,PASS,4,4,4,0,0,4.6859,5.9143,9,4,4,0,0,4,F001_084_cell_lumen_v107_density_guarded_no_miss,2,9|9,,
2,PASS,4,4,4,0,0,9.0211,16.3041,9,4,4,0,0,2,F001_084_cell_lumen_v107_density_guarded_no_miss,2,9|9,,
3,PASS,4,4,4,0,0,5.7216,10.1395,8,4,4,0,0,4,F001_084_cell_lumen_v107_density_guarded_no_miss,2,8|8,,
4,FAIL_BOTH,4,6,3,3,1,4.5048,6.0966,12,4,4,0,0,4,F001_084_cell_lumen_v107_density_guarded_no_miss,2,12|12,129;257;384,Cell type 1_2
5,FAIL_MISSING,5,6,5,1,0,6.1263,8.4597,11,4,5,1,1,2,F001_084_cell_lumen_v107_density_guarded_no_miss,2,11|11,129,
6,FAIL_MISSING,5,6,5,1,0,6.4087,11.0543,11,5,5,0,0,5,F001_084_cell_lumen_v107_density_guarded_no_miss,2,11|11,129,
7,FAIL_MISSING,5,7,5,2,0,10.4592,17.1078,13,5,5,0,0,5,F001_084_cell_lumen_v107_density_guarded_no_miss,2,13|13,129;512,
8,FAIL_MISSING,5,7,5,2,0,8.3016,13.1857,12,5,5,1,0,6,F001_084_cell_lumen_v107_density_guarded_no_miss,2,12|12,129;609,
9,FAIL_MISSING,5,7,5,2,0,7.265,14.875,12,5,5,0,0,5,F001_084_cell_lumen_v107_density_guarded_no_miss,2,12|12,129;609,
10,FAIL_MISSING,5,7,5,2,0,9.3101,12.7507,12,5,5,0,0,5,F001_084_cell_lumen_v107_density_guarded_no_miss,2,12|12,129;609,
11,FAIL_MISSING,6,8,6,2,0,5.5474,10.6671,13,5,6,1,1,5,F001_084_cell_lumen_v107_density_guarded_no_miss,2,13|13,129;609,
12,FAIL_MISSING,6,8,6,2,0,6.6731,16.1322,12,6,6,0,0,6,F001_084_cell_lumen_v107_density_guarded_no_miss,2,12|12,129;609,
13,FAIL_MISSING,6,8,6,2,0,6.649,9.589,17,6,6,1,0,6,F001_084_cell_lumen_v107_density_guarded_no_miss,2,17|17,129;609,
14,FAIL_MISSING,6,8,6,2,0,6.5816,10.1216,19,6,6,1,0,5,F001_084_cell_lumen_v107_density_guarded_no_miss,2,19|19,129;609,
15,FAIL_MISSING,6,8,6,2,0,7.8812,10.9213,20,6,6,0,0,5,F001_084_cell_lumen_v107_density_guarded_no_miss,2,20|20,129;609,
16,FAIL_MISSING,6,8,6,2,0,5.3139,8.0799,12,6,6,0,0,4,F001_084_cell_lumen_v107_density_guarded_no_miss,2,12|12,129;609,
17,FAIL_MISSING,6,8,6,2,0,5.2658,9.4066,14,6,6,1,0,6,F001_084_cell_lumen_v107_density_guarded_no_miss,2,14|14,129;609,
18,FAIL_MISSING,6,10,6,4,0,8.7815,13.9749,15,6,6,0,0,5,F001_084_cell_lumen_v107_density_guarded_no_miss,2,15|15,66;129;448;609,
19,FAIL_MISSING,7,12,7,5,0,4.8959,8.0812,17,6,7,3,1,6,F001_084_cell_lumen_v107_density_guarded_no_miss,2,17|17,66;130;193;448;609,
20,FAIL_MISSING,7,12,7,5,0,7.9713,13.1899,17,7,7,1,0,7,F001_084_cell_lumen_v107_density_guarded_no_miss,2,17|17,66;130;193;448;609,
21,FAIL_MISSING,7,12,7,5,0,6.4908,10.3803,24,7,7,0,0,7,F001_084_cell_lumen_v107_density_guarded_no_miss,2,24|24,66;130;193;448;609,
22,FAIL_MISSING,7,12,7,5,0,6.8875,9.7038,24,7,7,1,0,8,F001_084_cell_lumen_v107_density_guarded_no_miss,2,24|24,66;130;193;448;609,
23,FAIL_MISSING,7,12,7,5,0,6.0815,10.6993,24,7,7,0,0,7,F001_084_cell_lumen_v107_density_guarded_no_miss,2,24|24,66;130;193;448;609,
24,FAIL_MISSING,7,13,7,6,0,6.2847,11.1228,18,7,7,2,0,8,F001_084_cell_lumen_v107_density_guarded_no_miss,2,18|18,66;130;193;448;564;609,
25,FAIL_MISSING,7,14,7,7,0,4.792,7.904,18,7,7,2,0,6,F001_084_cell_lumen_v107_density_guarded_no_miss,2,18|18,66;130;193;448;564;610;625,
26,FAIL_MISSING,7,14,7,7,0,5.7411,8.1131,22,7,7,3,0,6,F001_084_cell_lumen_v107_density_guarded_no_miss,2,22|22,66;130;193;448;564;610;625,
27,FAIL_MISSING,7,14,7,7,0,6.9306,12.3082,21,7,7,2,0,7,F001_084_cell_lumen_v107_density_guarded_no_miss,2,21|21,66;130;193;448;564;610;625,
28,FAIL_MISSING,7,14,7,7,0,8.4622,14.0385,32,7,7,2,0,9,F001_084_cell_lumen_v107_density_guarded_no_miss,2,32|32,66;130;193;448;564;610;625,
29,FAIL_MISSING,8,15,8,7,0,6.4104,9.8787,32,7,8,4,1,8,F001_084_cell_lumen_v107_density_guarded_no_miss,2,32|32,66;130;193;448;564;610;625,
30,FAIL_MISSING,8,15,8,7,0,7.1275,12.3278,35,8,8,2,0,7,F001_084_cell_lumen_v107_density_guarded_no_miss,2,35|35,66;130;193;448;564;610;625,
31,FAIL_MISSING,8,15,8,7,0,6.2916,11.6559,34,8,8,2,0,8,F001_084_cell_lumen_v107_density_guarded_no_miss,2,34|34,66;130;193;448;564;610;625,
32,FAIL_MISSING,8,15,8,7,0,6.4769,11.7371,35,8,8,2,0,5,F001_084_cell_lumen_v107_density_guarded_no_miss,2,35|35,66;130;193;448;564;610;625,
33,FAIL_MISSING,8,15,8,7,0,7.7431,13.8412,20,8,8,2,0,7,F001_084_cell_lumen_v107_density_guarded_no_miss,2,20|20,66;130;193;448;564;610;625,
34,FAIL_MISSING,8,15,8,7,0,6.9739,13.538,20,8,8,3,0,8,F001_084_cell_lumen_v107_density_guarded_no_miss,2,20|20,66;130;193;448;564;610;625,
35,FAIL_BOTH,9,24,7,17,2,4.6709,8.8608,37,8,9,2,1,6,F001_084_cell_lumen_v107_density_guarded_no_miss,2,37|37,4;35;67;98;131;162;194;225;290;386;449;480;564;610;625;703;718,Cell type 1_1;Cell type 1_30
36,FAIL_MISSING,11,24,11,13,0,6.7982,11.3113,36,9,11,4,2,8,F001_084_cell_lumen_v107_density_guarded_no_miss,2,36|36,67;98;131;162;194;225;290;386;449;480;564;610;625,
37,FAIL_MISSING,11,24,11,13,0,6.9056,10.3088,36,11,11,3,0,12,F001_084_cell_lumen_v107_density_guarded_no_miss,2,36|36,67;98;131;162;194;225;290;386;449;480;564;610;625,
38,FAIL_MISSING,11,24,11,13,0,5.398,9.7564,40,11,11,2,0,10,F001_084_cell_lumen_v107_density_guarded_no_miss,2,40|40,67;98;131;162;194;225;290;386;449;480;564;610;625,
39,FAIL_MISSING,11,24,11,13,0,6.3596,10.83,40,11,11,1,0,11,F001_084_cell_lumen_v107_density_guarded_no_miss,2,40|40,67;98;131;162;194;225;290;386;449;480;564;610;625,
40,FAIL_MISSING,12,24,12,12,0,6.0205,9.6668,39,11,12,1,1,9,F001_084_cell_lumen_v107_density_guarded_no_miss,2,39|39,67;98;131;162;194;225;290;386;449;480;564;625,
41,FAIL_MISSING,12,24,12,12,0,9.1779,12.3798,41,12,12,3,0,8,F001_084_cell_lumen_v107_density_guarded_no_miss,2,41|41,67;98;131;162;194;225;290;386;449;480;564;625,
42,FAIL_MISSING,12,24,12,12,0,9.2208,13.8496,38,12,12,5,0,10,F001_084_cell_lumen_v107_density_guarded_no_miss,2,38|38,67;98;131;162;194;225;290;386;449;480;564;625,
43,FAIL_MISSING,12,24,12,12,0,8.8338,12.6252,39,12,12,4,0,11,F001_084_cell_lumen_v107_density_guarded_no_miss,2,39|39,67;98;131;162;194;225;290;386;449;480;564;625,
44,FAIL_MISSING,12,24,12,12,0,9.0724,13.5365,36,12,12,7,0,12,F001_084_cell_lumen_v107_density_guarded_no_miss,2,36|36,67;98;131;162;194;225;290;386;449;480;564;625,
45,FAIL_MISSING,12,26,12,14,0,7.9324,13.3323,46,12,12,4,0,9,F001_084_cell_lumen_v107_density_guarded_no_miss,2,46|46,67;98;131;162;194;225;290;386;449;480;541;565;590;625,
46,FAIL_MISSING,12,26,12,14,0,6.9644,13.6516,62,12,12,1,0,13,F001_084_cell_lumen_v107_density_guarded_no_miss,2,62|62,67;98;131;162;194;225;290;386;449;480;541;565;590;625,
47,FAIL_MISSING,12,26,12,14,0,8.427,16.4922,57,12,12,2,0,9,F001_084_cell_lumen_v107_density_guarded_no_miss,2,57|57,67;98;131;162;194;225;290;386;449;480;541;565;590;625,
48,FAIL_MISSING,12,26,12,14,0,7.9496,15.721,64,12,12,0,0,10,F001_084_cell_lumen_v107_density_guarded_no_miss,2,64|64,67;98;131;162;194;225;290;386;449;480;541;565;590;625,
49,FAIL_MISSING,12,26,12,14,0,7.9735,14.9096,61,12,12,1,0,6,F001_084_cell_lumen_v107_density_guarded_no_miss,2,61|61,67;98;131;162;194;225;290;386;449;480;541;565;590;625,
50,FAIL_MISSING,12,26,12,14,0,8.6157,14.0291,62,12,12,1,0,8,F001_084_cell_lumen_v107_density_guarded_no_miss,2,62|62,67;98;131;162;194;225;290;386;449;480;541;565;590;625,
51,FAIL_MISSING,12,26,12,14,0,6.8671,10.4971,69,12,12,3,0,11,F001_084_cell_lumen_v107_density_guarded_no_miss,0,69|69,67;98;131;162;194;225;290;386;449;480;541;565;590;625,
52,FAIL_MISSING,14,28,14,14,0,7.2518,14.8089,61,12,14,2,2,9,F001_084_cell_lumen_v107_density_guarded_no_miss,2,61|61,67;98;131;162;194;225;290;386;449;480;541;565;590;625,
53,FAIL_MISSING,14,28,14,14,0,7.6552,12.527,68,14,14,1,0,12,F001_084_cell_lumen_v107_density_guarded_no_miss,0,68|68,67;98;131;162;194;225;290;386;449;480;541;565;590;625,
54,FAIL_MISSING,14,28,14,14,0,5.3466,11.5956,69,14,14,1,0,11,F001_084_cell_lumen_v107_density_guarded_no_miss,0,69|69,67;98;131;162;194;225;290;386;449;480;541;565;590;625,
55,FAIL_MISSING,15,28,15,13,0,7.9893,14.0159,70,14,15,1,1,9,F001_084_cell_lumen_v107_density_guarded_no_miss,0,70|70,67;98;131;162;194;225;290;386;480;541;565;590;625,
56,FAIL_MISSING,15,28,15,13,0,5.9541,11.0275,74,15,15,3,0,11,F001_084_cell_lumen_v107_density_guarded_no_miss,0,74|74,67;98;131;162;194;225;290;386;480;541;565;590;625,
57,FAIL_MISSING,16,28,16,12,0,8.4073,17.3293,66,15,16,5,1,15,F001_084_cell_lumen_v107_density_guarded_no_miss,2,66|66,67;98;162;194;225;290;386;480;541;565;590;625,
58,FAIL_MISSING,17,30,17,13,0,8.2434,17.2693,63,16,17,3,1,14,F001_084_cell_lumen_v107_density_guarded_no_miss,2,63|63,67;98;147;162;194;225;290;386;480;541;565;590;625,
59,FAIL_BOTH,18,37,17,20,1,7.8135,15.5524,58,17,18,5,1,16,F001_084_cell_lumen_v107_density_guarded_no_miss,2,58|58,68;83;98;147;163;178;194;225;291;306;387;402;418;450;465;480;541;565;590;625,Cell type 1_201
60,FAIL_BOTH,20,43,19,24,1,5.2885,13.2349,57,18,20,6,2,15,F001_084_cell_lumen_v107_density_guarded_no_miss,2,57|57,51;68;83;99;114;147;163;178;195;210;225;291;306;387;402;418;450;465;481;496;541;565;590;625,Cell type 1_201
61,FAIL_MISSING,21,45,21,24,0,6.1115,12.3073,65,20,21,3,1,16,F001_084_cell_lumen_v107_density_guarded_no_miss,2,65|65,51;68;83;99;114;147;163;178;195;210;226;241;291;306;387;402;418;481;496;541;565;590;611;625,
62,FAIL_MISSING,22,45,22,23,0,5.863,10.5425,64,21,22,6,1,19,F001_084_cell_lumen_v107_density_guarded_no_miss,2,64|64,51;68;83;99;114;147;163;178;195;210;226;241;291;387;402;418;481;496;541;565;590;611;625,
63,FAIL_MISSING,22,45,22,23,0,5.5555,10.4354,64,22,22,3,0,22,F001_084_cell_lumen_v107_density_guarded_no_miss,2,64|64,51;68;83;99;114;147;163;178;195;210;226;241;291;387;402;418;481;496;541;565;590;611;625,
64,FAIL_MISSING,23,46,23,23,0,6.2134,11.1792,66,22,23,7,1,19,F001_084_cell_lumen_v107_density_guarded_no_miss,2,66|66,51;68;83;99;114;147;163;178;195;210;226;241;291;387;402;418;496;541;565;590;611;626;633,
65,FAIL_MISSING,23,46,23,23,0,5.0987,11.0428,69,23,23,4,0,18,F001_084_cell_lumen_v107_density_guarded_no_miss,0,69|69,51;68;83;99;114;147;163;178;195;210;226;241;291;387;402;418;496;541;565;590;611;626;633,
66,FAIL_MISSING,23,47,23,24,0,6.1467,10.6245,75,23,23,2,0,20,F001_084_cell_lumen_v107_density_guarded_no_miss,0,75|75,51;68;83;99;114;147;163;178;195;210;226;241;291;387;402;418;496;541;565;590;611;626;633;711,
67,FAIL_MISSING,23,47,23,24,0,5.578,10.6772,70,23,23,6,0,20,F001_084_cell_lumen_v107_density_guarded_no_miss,0,70|70,51;68;83;99;114;147;163;178;195;210;226;241;291;387;402;418;496;541;565;590;611;626;633;711,
68,FAIL_MISSING,24,48,24,24,0,7.0071,15.4042,72,23,24,6,1,19,F001_084_cell_lumen_v107_density_guarded_no_miss,0,72|72,51;68;83;99;114;147;163;178;195;210;226;241;291;387;402;418;496;541;565;590;611;626;633;711,
69,FAIL_MISSING,25,49,25,24,0,6.3699,11.7379,69,24,25,6,1,23,F001_084_cell_lumen_v107_density_guarded_no_miss,0,69|69,51;68;83;99;114;147;163;178;195;210;226;241;291;387;402;418;496;541;566;579;590;626;633;711,
70,FAIL_MISSING,26,50,26,24,0,5.8043,10.2941,68,25,26,6,1,22,F001_084_cell_lumen_v107_density_guarded_no_miss,0,68|68,51;68;83;99;114;147;163;178;195;210;226;241;291;387;402;418;496;542;557;566;579;590;626;711,
71,FAIL_MISSING,26,51,26,25,0,6.1586,11.2706,70,26,26,2,0,20,F001_084_cell_lumen_v107_density_guarded_no_miss,0,70|70,51;68;83;99;114;147;163;178;195;210;226;241;291;387;402;418;496;542;557;566;579;591;602;626;711,
72,FAIL_MISSING,27,51,27,24,0,6.6049,11.9449,82,26,27,7,1,25,F001_084_cell_lumen_v107_density_guarded_no_miss,0,82|82,51;68;83;99;147;163;178;195;210;226;241;291;387;402;418;496;542;557;566;579;591;602;626;711,
73,FAIL_MISSING,27,51,27,24,0,5.6767,11.7939,72,27,27,6,0,27,F001_084_cell_lumen_v107_density_guarded_no_miss,0,72|72,51;68;83;99;147;163;178;195;210;226;241;291;387;402;418;496;542;557;566;579;591;602;626;711,
74,FAIL_MISSING,28,51,28,23,0,6.1694,10.2472,73,27,28,7,1,22,F001_084_cell_lumen_v107_density_guarded_no_miss,0,73|73,51;68;83;99;147;163;178;195;210;226;241;291;387;402;418;496;542;557;566;579;591;602;711,
75,FAIL_MISSING,28,51,28,23,0,6.1269,8.9632,75,28,28,6,0,28,F001_084_cell_lumen_v107_density_guarded_no_miss,0,75|75,51;68;83;99;147;163;178;195;210;226;241;291;387;402;418;496;542;557;566;579;591;602;711,
76,FAIL_MISSING,28,51,28,23,0,5.7848,10.9439,73,28,28,5,0,24,F001_084_cell_lumen_v107_density_guarded_no_miss,0,73|73,51;68;83;99;147;163;178;195;210;226;241;291;387;402;418;496;542;557;566;579;591;602;711,
77,FAIL_MISSING,28,51,28,23,0,5.5907,10.7199,82,28,28,6,0,22,F001_084_cell_lumen_v107_density_guarded_no_miss,0,82|82,51;68;83;99;147;163;178;195;210;226;241;291;387;402;418;496;542;557;566;579;591;602;711,
78,FAIL_MISSING,29,51,29,22,0,6.0151,9.7234,73,28,29,8,1,27,F001_084_cell_lumen_v107_density_guarded_no_miss,0,73|73,51;68;83;99;147;163;178;195;210;226;241;291;387;402;418;496;557;566;579;591;602;711,
79,FAIL_MISSING,29,51,29,22,0,6.4319,13.3506,65,29,29,4,0,22,F001_084_cell_lumen_v107_density_guarded_no_miss,2,65|65,51;68;83;99;147;163;178;195;210;226;241;291;387;402;418;496;557;566;579;591;602;711,
80,FAIL_MISSING,32,53,32,21,0,5.6546,12.9693,79,29,32,7,3,22,F001_084_cell_lumen_v107_density_guarded_no_miss,0,79|79,51;68;83;99;147;163;178;195;210;226;241;291;387;402;496;557;566;579;591;602;711,
81,FAIL_MISSING,32,53,32,21,0,6.2117,12.6619,77,32,32,2,0,25,F001_084_cell_lumen_v107_density_guarded_no_miss,0,77|77,51;68;83;99;147;163;178;195;210;226;241;291;387;402;496;557;566;579;591;602;711,
82,FAIL_MISSING,33,54,33,21,0,5.8015,11.3188,82,32,33,3,1,27,F001_084_cell_lumen_v107_density_guarded_no_miss,0,82|82,51;68;83;99;147;163;178;195;210;226;241;291;387;402;496;557;566;579;591;602;711,
83,FAIL_MISSING,33,54,33,21,0,6.1122,11.4409,79,33,33,6,0,25,F001_084_cell_lumen_v107_density_guarded_no_miss,0,79|79,51;68;83;99;147;163;178;195;210;226;241;291;387;402;496;557;566;579;591;602;711,
84,FAIL_MISSING,34,55,34,21,0,6.4442,11.172,82,33,34,7,1,27,F001_084_cell_lumen_v107_density_guarded_no_miss,0,82|82,51;68;83;99;147;163;178;195;210;226;241;291;387;402;496;557;566;579;591;602;711,
85,FAIL_BOTH,36,61,35,26,1,6.0311,11.3161,78,34,36,7,2,33,F001_084_cell_lumen_v107_density_guarded_no_miss,0,78|78,51;68;83;99;148;155;163;178;196;203;210;226;241;291;387;403;410;496;557;566;579;591;602;657;664;711,Cell type 1_31111
86,FAIL_BOTH,40,71,37,34,3,5.4629,14.4142,88,36,40,12,4,33,F001_084_cell_lumen_v107_density_guarded_no_miss,0,88|88,6;51;69;76;84;91;99;155;163;178;196;203;211;218;226;292;299;307;314;339;346;387;403;410;441;497;504;557;566;579;591;602;657;711,Cell type 1_210010;Cell type 1_210100;Cell type 1_2101111
87,FAIL_BOTH,44,77,42,35,2,5.6866,14.7273,94,40,44,10,4,35,F001_084_cell_lumen_v107_density_guarded_no_miss,0,94|94,13;44;51;69;76;91;99;140;155;164;171;179;186;196;203;211;218;226;268;292;299;339;388;395;403;458;497;504;557;566;579;591;602;657;711,Cell type 1_21100;Cell type 1_2101111
88,FAIL_BOTH,46,83,42,41,4,5.9876,11.6437,97,44,46,11,2,43,F001_084_cell_lumen_v107_density_guarded_no_miss,0,97|97,13;37;44;52;59;69;76;91;99;133;140;155;164;171;179;186;196;203;211;218;227;234;249;268;292;299;339;388;395;403;451;458;497;504;557;566;579;591;602;657;711,Cell type 1_101;Cell type 1_21100;Cell type 1_1001;Cell type 1_201001
89,FAIL_MISSING,53,87,53,34,0,6.2873,10.7566,98,46,53,15,7,42,F001_084_cell_lumen_v107_density_guarded_no_miss,0,98|98,37;59;76;91;100;107;155;164;171;179;186;196;203;211;218;227;234;249;292;299;339;388;395;403;451;497;504;557;566;579;591;602;657;711,
90,FAIL_BOTH,55,88,54,34,1,5.9449,10.8547,116,53,55,7,2,47,F001_084_cell_lumen_v107_density_guarded_no_miss,0,116|116,37;59;76;91;100;107;155;164;171;179;186;196;203;211;218;227;249;292;299;339;388;395;403;451;473;497;504;557;566;579;591;602;657;711,Cell type 1_20111
91,FAIL_MISSING,56,88,56,32,0,6.0364,14.6817,121,55,56,7,1,52,F001_084_cell_lumen_v107_density_guarded_no_miss,0,121|121,37;59;76;91;100;107;155;164;171;179;186;196;203;211;218;227;249;292;299;339;388;395;403;451;504;557;566;579;591;602;657;711,
92,FAIL_MISSING,59,88,59,29,0,6.3911,12.9865,,,59,14,3,42,F085_120_temporal_repair_verified,0,111|183,37;59;76;100;107;155;164;171;179;186;203;211;218;227;249;292;339;388;395;403;451;504;557;566;579;591;602;657;711,
93,FAIL_MISSING,61,88,61,27,0,6.1945,10.2664,,,61,13,2,41,F085_120_temporal_repair_verified,0,112|192,37;59;76;100;107;155;164;171;179;186;203;211;218;227;249;292;339;388;395;403;451;557;566;579;591;602;711,
94,FAIL_MISSING,61,88,61,27,0,6.4097,11.1165,,,61,11,0,37,F085_120_temporal_repair_verified,0,208|208,37;59;76;100;107;155;164;171;179;186;203;211;218;227;249;292;339;388;395;403;451;557;566;579;591;602;711,
95,FAIL_MISSING,61,88,61,27,0,7.542,14.5332,,,61,15,0,41,F085_120_temporal_repair_verified,0,200|200,37;59;76;100;107;155;164;171;179;186;203;211;218;227;249;292;339;388;395;403;451;557;566;579;591;602;711,
96,FAIL_MISSING,62,88,62,26,0,6.319,15.6993,,,62,15,1,45,F085_120_temporal_repair_verified,0,211|211,37;59;76;107;155;164;171;179;186;203;211;218;227;249;292;339;388;395;403;451;557;566;579;591;602;711,
97,FAIL_MISSING,66,90,66,24,0,6.6376,14.2852,,,66,18,4,43,F085_120_temporal_repair_verified,0,197|197,37;59;76;107;155;171;179;186;203;211;218;227;249;292;339;388;395;403;451;566;579;591;602;711,
98,FAIL_BOTH,70,92,68,24,2,6.6422,16.0746,,,70,17,4,47,F085_120_temporal_repair_verified,0,216|216,37;76;107;155;171;179;186;203;211;218;227;249;292;339;388;395;403;451;566;580;587;591;602;711,Cell type 1_30000;Cell type 1_3110110
99,FAIL_BOTH,72,93,70,23,2,6.2275,16.9697,,,72,12,2,48,F085_120_temporal_repair_verified,0,205|205,37;59;76;155;171;179;186;203;211;218;227;249;388;395;403;451;567;574;580;587;591;602;711,Cell type 1_30000;Cell type 1_3110110
100,FAIL_BOTH,72,93,69,24,3,7.0559,16.1053,,,72,13,0,47,F085_120_temporal_repair_verified,0,205|205,37;76;155;171;179;186;203;211;218;227;249;292;388;395;403;451;567;574;580;587;591;602;711;720,Cell type 1_3001;Cell type 1_30000;Cell type 1_3110110
101,FAIL_BOTH,74,95,69,26,5,6.6543,11.9938,,,74,16,2,53,F085_120_temporal_repair_verified,0,212|212,37;76;155;171;179;186;203;211;218;227;249;388;395;403;451;538;543;567;574;580;587;592;597;602;711;720,Cell type 1_3001;Cell type 1_410;Cell type 1_30000;Cell type 1_3110110;Cell type 1_21011001
102,FAIL_BOTH,75,97,72,25,3,5.996,11.6098,,,75,17,1,48,F085_120_temporal_repair_verified,0,200|200,37;76;155;171;179;186;203;211;218;227;249;388;395;403;451;538;567;574;580;587;592;597;603;606;711,Cell type 1_410;Cell type 1_30001;Cell type 1_3110110
103,FAIL_BOTH,76,97,74,23,2,6.4342,14.518,,,76,17,1,46,F085_120_temporal_repair_verified,0,198|198,37;155;171;179;186;203;211;218;227;249;388;395;403;451;538;567;574;580;587;592;597;603;711,Cell type 1_410;Cell type 1_3110110
104,FAIL_BOTH,76,97,74,23,2,6.7418,15.3491,,,76,16,0,49,F085_120_temporal_repair_verified,0,205|205,37;155;171;179;186;203;211;218;227;249;388;395;403;451;538;567;574;580;587;592;597;603;711,Cell type 1_410;Cell type 1_3110110
105,FAIL_BOTH,79,98,77,21,2,5.6234,14.9619,,,79,17,3,46,F085_120_temporal_repair_verified,0,218|218,37;155;171;179;186;203;211;218;249;388;395;403;451;538;574;580;587;592;597;603;711,Cell type 1_410;Cell type 1_3110110
106,FAIL_BOTH,81,100,80,20,1,6.667,16.6775,,,81,16,2,58,F085_120_temporal_repair_verified,0,207|207,37;155;171;179;186;203;211;218;249;388;395;451;574;580;587;592;597;603;712;715,Cell type 1_3110110
107,FAIL_BOTH,83,100,82,18,1,6.2091,12.6733,,,83,15,2,54,F085_120_temporal_repair_verified,0,212|212,171;179;186;203;211;218;249;395;451;567;574;580;587;592;597;603;712;715,Cell type 1_3110110
108,FAIL_MISSING,84,101,84,17,0,6.4881,17.2471,,,84,17,2,52,F085_120_temporal_repair_verified,0,207|207,171;179;186;203;211;218;249;395;451;574;580;587;592;597;603;712;715,
109,FAIL_MISSING,86,102,86,16,0,6.8033,17.077,,,86,15,2,47,F085_120_temporal_repair_verified,0,211|211,171;179;186;203;211;218;249;395;451;574;580;587;597;603;712;715,
110,FAIL_MISSING,86,102,86,16,0,6.7108,13.6327,,,86,16,0,52,F085_120_temporal_repair_verified,0,213|213,171;179;186;203;211;218;249;395;451;574;580;587;597;603;712;715,
111,FAIL_MISSING,91,103,91,12,0,6.4797,15.4626,,,91,16,5,45,F085_120_temporal_repair_verified,0,213|213,171;179;203;218;451;574;580;587;597;603;712;715,
112,FAIL_MISSING,93,105,93,12,0,6.181,15.2087,,,93,18,2,52,F085_120_temporal_repair_verified,0,220|220,171;179;218;451;574;580;587;597;603;684;712;715,
113,FAIL_BOTH,95,105,94,11,1,6.2665,17.135,,,95,18,2,54,F085_120_temporal_repair_verified,0,219|219,179;218;451;574;580;587;597;603;651;712;715,Cell type 1_31100
114,FAIL_BOTH,97,105,96,9,1,6.1503,13.4418,,,97,15,2,58,F085_120_temporal_repair_verified,0,222|222,218;574;580;587;597;603;705;712;715,Cell type 1_3011
115,FAIL_MISSING,99,106,99,7,0,6.4636,15.6467,,,99,17,2,54,F085_120_temporal_repair_verified,0,223|223,574;580;587;597;603;712;715,
116,FAIL_MISSING,99,106,99,7,0,6.3977,17.4149,,,99,17,0,67,F085_120_temporal_repair_verified,0,226|226,574;580;587;597;603;712;715,
117,FAIL_BOTH,101,108,100,8,1,6.3313,16.7728,,,101,19,2,64,F085_120_temporal_repair_verified,0,221|221,574;580;587;597;603;705;712;715,Cell type 1_3011
118,FAIL_BOTH,106,112,103,9,3,6.335,16.6326,,,106,21,5,69,F085_120_temporal_repair_verified,0,217|217,574;580;587;597;603;652;677;712;715,Cell type 1_310001;Cell type 1_4110;Cell type 1_21010001
119,FAIL_BOTH,114,118,110,8,4,6.2689,16.6697,,,114,24,8,65,F085_120_temporal_repair_verified,0,205|205,350;430;574;580;597;603;712;715,Cell type 1_4111;Cell type 1_2010100;Cell type 1_21010001;Cell type 1_3100011
120,FAIL_BOTH,127,129,123,6,4,5.6011,17.6912,,,127,28,13,70,F085_120_temporal_repair_verified,0,215|215,350;430;580;603;712;715,Cell type 1_4110;Cell type 1_2010100;Cell type 1_21010001;Cell type 1_3100010
121,FAIL_BOTH,135,139,129,10,6,5.8636,17.1805,,,135,35,9,92,F121_170_deterministic_split_verified,0,216|216,14;48;126;350;388;430;580;603;712;715,Cell type 1_2010100;Cell type 1_21010001;Cell type 1_2101101110;Cell type 1_3100010;Cell type 1_21101011;Cell type 1_21011010011
122,FAIL_BOTH,143,145,133,12,10,6.036,17.1744,,,143,30,8,90,F121_170_deterministic_split_verified,0,223|223,48;88;108;111;123;350;430;580;603;648;712;715,Cell type 1_20010;Cell type 1_210110101;Cell type 1_21011100;Cell type 1_31101111;Cell type 1_21010001;Cell type 1_2101101110;Cell type 1_3100010;Cell type 1_21101011;Cell type 1_40011;Cell type 1_21011010011
123,FAIL_BOTH,148,151,138,13,10,6.3406,17.9229,,,148,26,5,86,F121_170_deterministic_split_verified,0,224|224,48;88;92;108;111;168;350;430;580;603;606;712;715,Cell type 1_21011100;Cell type 1_21010001;Cell type 1_2101101110;Cell type 1_2101101111;Cell type 1_3100010;Cell type 1_300011;Cell type 1_21101011;Cell type 1_40011;Cell type 1_21011010011;Cell type 1_110011
124,FAIL_BOTH,158,157,148,9,10,6.1916,17.8832,,,158,32,10,96,F121_170_deterministic_split_verified,0,218|218,196;350;580;603;606;648;712;715;720,Cell type 1_3001;Cell type 1_10110;Cell type 1_31101111;Cell type 1_21010001;Cell type 1_2101101110;Cell type 1_3100010;Cell type 1_300011;Cell type 1_21101011;Cell type 1_21011010011;Cell type 1_10011
125,FAIL_BOTH,162,161,151,10,11,6.2479,17.3311,,,162,23,4,96,F121_170_deterministic_split_verified,0,211|211,196;350;580;603;606;708;712;715;719;720,Cell type 1_3001;Cell type 1_10110;Cell type 1_30000;Cell type 1_3010;Cell type 1_21010001;Cell type 1_2101101110;Cell type 1_3100010;Cell type 1_300011;Cell type 1_21101011;Cell type 1_21011010011;Cell type 1_110011
126,FAIL_BOTH,166,163,149,14,17,5.684,14.5911,,,166,27,4,96,F121_170_deterministic_split_verified,0,212|212,88;280;308;315;350;470;580;603;606;696;712;715;719;720,Cell type 1_310111;Cell type 1_3001;Cell type 1_30000;Cell type 1_21010000;Cell type 1_2101101110;Cell type 1_3100010;Cell type 1_300011;Cell type 1_211101;Cell type 1_21101011;Cell type 1_40011;Cell type 1_21011010011;Cell type 1_20110101;Cell type 1_31010110;Cell type 1_110011;Cell type 1_210010000;Cell type 1_21001010;Cell type 1_101101
127,FAIL_BOTH,173,168,159,9,14,6.0058,16.6453,,,173,29,7,92,F121_170_deterministic_split_verified,0,214|214,108;470;580;603;696;708;712;715;719,Cell type 1_310111;Cell type 1_30000;Cell type 1_3010;Cell type 1_21010001;Cell type 1_2101101110;Cell type 1_3100010;Cell type 1_300011;Cell type 1_21101011;Cell type 1_21011010011;Cell type 1_20110101;Cell type 1_31010110;Cell type 1_10011;Cell type 1_210111001;Cell type 1_101101
128,FAIL_BOTH,174,168,159,9,15,5.7775,17.4314,,,174,20,1,97,F121_170_deterministic_split_verified,0,213|213,108;311;580;603;708;712;715;719;720,Cell type 1_310111;Cell type 1_3001;Cell type 1_30000;Cell type 1_3010;Cell type 1_21010000;Cell type 1_2101101110;Cell type 1_3100010;Cell type 1_300011;Cell type 1_21101011;Cell type 1_21011010011;Cell type 1_10011;Cell type 1_210111001;Cell type 1_21001011;Cell type 1_101101;Cell type 1_41111
129,FAIL_BOTH,178,174,164,10,14,5.5919,17.1917,,,178,23,4,113,F121_170_deterministic_split_verified,0,215|215,38;108;311;581;584;603;708;712;715;719,Cell type 1_30000;Cell type 1_3010;Cell type 1_21010000;Cell type 1_2101101110;Cell type 1_3100010;Cell type 1_300011;Cell type 1_21101011;Cell type 1_21011010011;Cell type 1_10011;Cell type 1_21101001;Cell type 1_210111001;Cell type 1_21001011;Cell type 1_101100;Cell type 1_1111111
130,FAIL_BOTH,180,176,168,8,12,5.5252,16.7138,,,180,21,2,89,F121_170_deterministic_split_verified,0,219|219,108;571;581;603;692;712;715;719,Cell type 1_30000;Cell type 1_21010000;Cell type 1_2101101110;Cell type 1_3100010;Cell type 1_300011;Cell type 1_21101011;Cell type 1_21011010011;Cell type 1_10011;Cell type 1_210111001;Cell type 1_101100;Cell type 1_31010010;Cell type 1_1111111
131,FAIL_BOTH,182,178,169,9,13,5.3739,13.7128,,,182,21,3,98,F121_170_deterministic_split_verified,0,224|224,108;568;571;581;603;692;712;715;719,Cell type 1_30000;Cell type 1_21010000;Cell type 1_2101101110;Cell type 1_3100010;Cell type 1_300011;Cell type 1_21101011;Cell type 1_21011010011;Cell type 1_10011;Cell type 1_210111001;Cell type 1_31011010;Cell type 1_31010010;Cell type 1_1111110;Cell type 1_1111111
132,FAIL_BOTH,183,179,170,9,13,5.6522,15.9438,,,183,19,1,99,F121_170_deterministic_split_verified,0,227|227,48;108;571;581;603;692;712;715;719,Cell type 1_30000;Cell type 1_21010000;Cell type 1_2101101110;Cell type 1_3100010;Cell type 1_300011;Cell type 1_21101011;Cell type 1_21011010011;Cell type 1_10011;Cell type 1_21100010;Cell type 1_210111001;Cell type 1_31011010;Cell type 1_31010010;Cell type 1_1111111
133,FAIL_BOTH,186,180,169,11,17,5.5732,14.9825,,,186,22,4,84,F121_170_deterministic_split_verified,0,232|232,48;108;535;538;571;581;592;692;712;715;719,Cell type 1_410;Cell type 1_30000;Cell type 1_2100111110;Cell type 1_21010000;Cell type 1_2101101110;Cell type 1_3100010;Cell type 1_300011;Cell type 1_21101011;Cell type 1_21011010011;Cell type 1_10011;Cell type 1_21100010;Cell type 1_210111001;Cell type 1_31011010;Cell type 1_31010010;Cell type 1_41111;Cell type 1_1111111;Cell type 1_2100100101
134,FAIL_BOTH,188,180,170,10,18,5.0502,16.7061,,,188,19,2,101,F121_170_deterministic_split_verified,0,235|235,48;101;108;581;592;661;692;712;715;719,Cell type 1_410;Cell type 1_30000;Cell type 1_2100111110;Cell type 1_21010000;Cell type 1_2101101110;Cell type 1_3100010;Cell type 1_300011;Cell type 1_21101011;Cell type 1_21011010011;Cell type 1_10011;Cell type 1_21100010;Cell type 1_210111001;Cell type 1_31011010;Cell type 1_31010010;Cell type 1_1111111;Cell type 1_400000;Cell type 1_210010011;Cell type 1_2100100101
135,FAIL_BOTH,190,181,172,9,18,5.3643,15.4842,,,190,18,2,101,F121_170_deterministic_split_verified,0,232|232,101;539;540;581;592;692;712;715;719,Cell type 1_410;Cell type 1_30000;Cell type 1_2100111110;Cell type 1_21010000;Cell type 1_2101101110;Cell type 1_3100010;Cell type 1_300011;Cell type 1_21101011;Cell type 1_21011010011;Cell type 1_10011;Cell type 1_31011010;Cell type 1_31010010;Cell type 1_1111111;Cell type 1_400000;Cell type 1_1011000;Cell type 1_2100100101;Cell type 1_411111;Cell type 1_111110101
136,FAIL_BOTH,191,182,175,7,16,5.2179,12.9176,,,191,18,1,109,F121_170_deterministic_split_verified,0,228|228,293;581;592;692;712;715;719,Cell type 1_30000;Cell type 1_2100111110;Cell type 1_21010000;Cell type 1_2101101110;Cell type 1_3100010;Cell type 1_300011;Cell type 1_21101010;Cell type 1_21011010011;Cell type 1_10011;Cell type 1_31011010;Cell type 1_21111001;Cell type 1_31010010;Cell type 1_1111111;Cell type 1_1011000;Cell type 1_2100100101;Cell type 1_411111
137,FAIL_BOTH,191,183,175,8,16,5.1166,16.9807,,,191,20,0,110,F121_170_deterministic_split_verified,0,223|223,293;554;581;592;692;712;715;719,Cell type 1_30000;Cell type 1_2100111110;Cell type 1_21010000;Cell type 1_2101101110;Cell type 1_3100010;Cell type 1_300011;Cell type 1_21101011;Cell type 1_21011010011;Cell type 1_10011;Cell type 1_31011010;Cell type 1_21111001;Cell type 1_31010010;Cell type 1_1111111;Cell type 1_1011000;Cell type 1_2100100101;Cell type 1_411111
138,FAIL_BOTH,194,185,178,7,16,5.1327,15.7983,,,194,21,3,92,F121_170_deterministic_split_verified,0,219|219,293;581;593;692;712;715;719,Cell type 1_30000;Cell type 1_21010000;Cell type 1_2101101110;Cell type 1_3100010;Cell type 1_300011;Cell type 1_21101010;Cell type 1_21011010011;Cell type 1_10011;Cell type 1_31011010;Cell type 1_21111001;Cell type 1_31010010;Cell type 1_1111111;Cell type 1_1011000;Cell type 1_2100100101;Cell type 1_411111;Cell type 1_2100100111
139,FAIL_BOTH,195,186,179,7,16,5.1804,15.296,,,195,18,1,115,F121_170_deterministic_split_verified,0,232|232,48;581;593;692;712;715;719,Cell type 1_30000;Cell type 1_21010000;Cell type 1_2101101110;Cell type 1_3100010;Cell type 1_300011;Cell type 1_21101010;Cell type 1_21011010011;Cell type 1_10011;Cell type 1_31011010;Cell type 1_31010010;Cell type 1_311111;Cell type 1_1111111;Cell type 1_1011000;Cell type 1_2100100101;Cell type 1_411111;Cell type 1_211000101
140,NO_OUTPUT,0,186,0,186,0,,,198,195,195,18,0,136,F001_084_cell_lumen_v107_density_guarded_no_miss,0,229|198,7;10;14;17;22;25;29;32;38;41;45;48;53;56;60;63;70;73;77;80;85;88;92;95;101;104;108;111;116;119;123;126;134;137;141;144;149;152;156;159;165;168;172;175;180;183;187;190;197;200;204;207;212;215;219;222;228;231;235;238;243;246;250;253;262;265;269;272;277;280;284;287;293;296;300;303;308;311;315;318;325;328;332;335;340;343;347;350;356;359;363;366;371;374;378;381;389;392;396;399;404;407;411;414;420;423;427;430;435;438;442;445;452;455;459;462;467;470;474;477;483;486;490;493;498;501;505;508;517;520;524;527;532;535;539;540;544;547;551;554;558;561;568;571;575;578;581;584;588;589;593;596;598;601;603;606;612;615;619;622;627;630;634;637;645;648;652;653;658;661;665;668;674;677;681;684;689;692;696;699;705;708;712;715;719;720,
141,NO_OUTPUT,0,186,0,186,0,,,,,,,,,,0,240,7;10;14;17;22;25;29;32;38;41;45;48;53;56;60;63;70;73;77;80;85;88;92;95;101;104;108;111;116;119;123;126;134;137;141;144;149;152;156;159;165;168;172;175;180;183;187;190;197;200;204;207;212;215;219;222;228;231;235;238;243;246;250;253;262;265;269;272;277;280;284;287;293;296;300;303;308;311;315;318;325;328;332;335;340;343;347;350;356;359;363;366;371;374;378;381;389;392;396;399;404;407;411;414;420;423;427;430;435;438;442;445;452;455;459;462;467;470;474;477;483;486;490;493;498;501;505;508;517;520;524;527;532;535;539;540;544;547;551;554;558;561;568;571;575;578;581;584;588;589;593;596;598;601;603;606;612;615;619;622;627;630;634;637;645;648;652;653;658;661;665;668;674;677;681;684;689;692;696;699;705;708;712;715;719;720,
142,NO_OUTPUT,0,186,0,186,0,,,,,,,,,,0,196,7;10;14;17;22;25;29;32;38;41;45;48;53;56;60;63;70;73;77;80;85;88;92;95;101;104;108;111;116;119;123;126;134;137;141;144;149;152;156;159;165;168;172;175;180;183;187;190;197;200;204;207;212;215;219;222;228;231;235;238;243;246;250;253;262;265;269;272;277;280;284;287;293;296;300;303;308;311;315;318;325;328;332;335;340;343;347;350;356;359;363;366;371;374;378;381;389;392;396;399;404;407;411;414;420;423;427;430;435;438;442;445;452;455;459;462;467;470;474;477;483;486;490;493;498;501;505;508;517;520;524;527;532;535;539;540;544;547;551;554;558;561;568;571;575;578;581;584;588;589;593;596;598;601;603;606;612;615;619;622;627;630;634;637;645;648;652;653;658;661;665;668;674;677;681;684;689;692;696;699;705;708;712;715;719;720,
143,NO_OUTPUT,0,187,0,187,0,,,,,,,,,,0,,7;10;14;17;22;25;29;32;38;41;45;48;53;56;60;63;70;73;77;80;85;88;92;95;101;104;108;111;116;119;123;126;134;137;141;144;149;152;156;159;165;168;172;175;180;183;187;190;197;200;204;207;212;215;219;222;228;231;235;238;243;246;250;253;262;265;269;272;277;280;284;287;293;296;300;303;308;311;315;318;325;328;332;335;340;343;347;350;356;359;363;366;371;374;378;381;389;392;396;399;404;407;411;414;420;423;427;430;435;438;442;445;452;455;459;462;467;470;474;477;483;486;490;493;498;501;505;508;517;520;524;527;532;535;539;540;544;547;551;554;558;561;568;571;575;578;581;584;588;589;593;596;598;601;604;605;606;612;615;619;622;627;630;634;637;645;648;652;653;658;661;665;668;674;677;681;684;689;692;696;699;705;708;712;715;719;720,
144,NO_OUTPUT,0,187,0,187,0,,,,,,,,,,0,,7;10;14;17;22;25;29;32;38;41;45;48;53;56;60;63;70;73;77;80;85;88;92;95;101;104;108;111;116;119;123;126;134;137;141;144;149;152;156;159;165;168;172;175;180;183;187;190;197;200;204;207;212;215;219;222;228;231;235;238;243;246;250;253;262;265;269;272;277;280;284;287;293;296;300;303;308;311;315;318;325;328;332;335;340;343;347;350;356;359;363;366;371;374;378;381;389;392;396;399;404;407;411;414;420;423;427;430;435;438;442;445;452;455;459;462;467;470;474;477;483;486;490;493;498;501;505;508;517;520;524;527;532;535;539;540;544;547;551;554;558;561;568;571;575;578;581;584;588;589;593;596;598;601;604;605;606;612;615;619;622;627;630;634;637;645;648;652;653;658;661;665;668;674;677;681;684;689;692;696;699;705;708;712;715;719;720,
145,NO_OUTPUT,0,188,0,188,0,,,,,,,,,,0,,7;10;14;17;22;25;29;32;38;41;45;48;53;56;60;63;70;73;77;80;85;88;92;95;101;104;108;111;116;119;123;126;134;137;141;144;149;152;156;159;165;168;172;175;180;183;187;190;197;200;204;207;212;215;219;222;228;231;235;238;243;246;250;253;262;265;269;272;277;280;284;287;293;296;300;303;308;311;315;318;325;328;332;335;340;343;347;350;356;359;363;366;371;374;378;381;389;392;396;399;404;407;411;414;420;423;427;430;435;438;442;445;452;455;459;462;467;470;474;477;483;486;490;493;498;501;505;508;517;520;524;527;532;535;539;540;544;547;551;554;559;560;561;568;571;575;578;581;584;588;589;593;596;598;601;604;605;606;612;615;619;622;627;630;634;637;645;648;652;653;658;661;665;668;674;677;681;684;689;692;696;699;705;708;712;715;719;720,
146,NO_OUTPUT,0,190,0,190,0,,,,,,,,,,0,,7;10;14;17;22;25;29;32;38;41;45;48;53;56;60;63;70;73;77;80;85;88;92;95;101;104;108;111;116;119;123;126;134;137;141;144;149;152;156;159;165;168;172;175;180;183;187;190;197;200;204;207;212;215;219;222;228;231;235;238;243;246;250;253;262;265;269;272;277;280;284;287;293;296;300;303;308;311;315;318;325;328;332;335;340;343;347;350;356;359;363;366;371;374;378;381;389;392;396;399;404;407;411;414;420;423;427;430;435;438;442;445;452;455;459;462;467;470;474;477;483;486;490;493;498;501;505;508;517;520;524;527;532;535;539;540;544;547;551;554;559;560;562;563;568;571;575;578;581;584;588;589;593;596;598;601;604;605;607;608;612;615;619;622;627;630;634;637;645;648;652;653;658;661;665;668;674;677;681;684;689;692;696;699;705;708;712;715;719;720,
147,NO_OUTPUT,0,191,0,191,0,,,,,,,,,,0,,7;10;14;17;22;25;29;32;38;41;45;48;53;56;60;63;70;73;77;80;85;88;92;95;101;104;108;111;116;119;123;126;134;137;141;144;149;152;156;159;165;168;172;175;180;183;187;190;197;200;204;207;212;215;219;222;228;231;235;238;243;246;250;253;262;265;269;272;277;280;284;287;293;296;300;303;308;311;315;318;325;328;332;335;340;343;347;350;356;359;363;366;371;374;378;381;389;392;396;399;404;407;411;414;420;423;427;430;435;438;442;445;452;455;459;462;467;470;474;477;483;486;490;493;498;501;505;508;517;520;524;527;532;535;539;540;544;547;551;554;559;560;562;563;568;571;575;578;581;584;588;589;593;596;598;601;604;605;607;608;612;615;619;622;627;630;634;637;645;648;652;653;658;661;665;668;674;677;681;684;689;692;696;699;705;708;712;716;717;719;720,
148,NO_OUTPUT,0,192,0,192,0,,,,,,,,,,0,,7;10;14;17;22;25;29;32;38;41;45;48;53;56;60;63;70;73;77;80;85;88;92;95;101;104;108;111;116;119;123;126;134;137;141;144;149;152;156;159;165;168;172;175;180;183;187;190;197;200;204;207;212;215;219;222;228;231;235;238;243;246;250;253;262;265;269;272;277;280;284;287;293;296;300;303;308;311;315;318;325;328;332;335;340;343;347;350;356;359;363;366;371;374;378;381;389;392;396;399;404;407;411;414;420;423;427;430;435;438;442;445;452;455;459;462;467;470;474;477;483;486;490;493;498;501;505;508;517;520;524;527;532;535;539;540;544;547;551;554;559;560;562;563;568;571;575;578;581;584;588;589;593;596;598;601;604;605;607;608;612;615;619;622;627;630;634;637;645;648;652;653;658;661;665;668;674;677;681;684;689;692;696;699;705;709;710;712;716;717;719;720,
149,NO_OUTPUT,0,192,0,192,0,,,,,,,,,,0,,7;10;14;17;22;25;29;32;38;41;45;48;53;56;60;63;70;73;77;80;85;88;92;95;101;104;108;111;116;119;123;126;134;137;141;144;149;152;156;159;165;168;172;175;180;183;187;190;197;200;204;207;212;215;219;222;228;231;235;238;243;246;250;253;262;265;269;272;277;280;284;287;293;296;300;303;308;311;315;318;325;328;332;335;340;343;347;350;356;359;363;366;371;374;378;381;389;392;396;399;404;407;411;414;420;423;427;430;435;438;442;445;452;455;459;462;467;470;474;477;483;486;490;493;498;501;505;508;517;520;524;527;532;535;539;540;544;547;551;554;559;560;562;563;568;571;575;578;581;584;588;589;593;596;598;601;604;605;607;608;612;615;619;622;627;630;634;637;645;648;652;653;658;661;665;668;674;677;681;684;689;692;696;699;705;709;710;712;716;717;719;720,
150,NO_OUTPUT,0,192,0,192,0,,,,,,,,,,0,,7;10;14;17;22;25;29;32;38;41;45;48;53;56;60;63;70;73;77;80;85;88;92;95;101;104;108;111;116;119;123;126;134;137;141;144;149;152;156;159;165;168;172;175;180;183;187;190;197;200;204;207;212;215;219;222;228;231;235;238;243;246;250;253;262;265;269;272;277;280;284;287;293;296;300;303;308;311;315;318;325;328;332;335;340;343;347;350;356;359;363;366;371;374;378;381;389;392;396;399;404;407;411;414;420;423;427;430;435;438;442;445;452;455;459;462;467;470;474;477;483;486;490;493;498;501;505;508;517;520;524;527;532;535;539;540;544;547;551;554;559;560;562;563;568;571;575;578;581;584;588;589;593;596;598;601;604;605;607;608;612;615;619;622;627;630;634;637;645;648;652;653;658;661;665;668;674;677;681;684;689;692;696;699;705;709;710;712;716;717;719;720,
151,NO_OUTPUT,0,192,0,192,0,,,,,,,,,,0,,7;10;14;17;22;25;29;32;38;41;45;48;53;56;60;63;70;73;77;80;85;88;92;95;101;104;108;111;116;119;123;126;134;137;141;144;149;152;156;159;165;168;172;175;180;183;187;190;197;200;204;207;212;215;219;222;228;231;235;238;243;246;250;253;262;265;269;272;277;280;284;287;293;296;300;303;308;311;315;318;325;328;332;335;340;343;347;350;356;359;363;366;371;374;378;381;389;392;396;399;404;407;411;414;420;423;427;430;435;438;442;445;452;455;459;462;467;470;474;477;483;486;490;493;498;501;505;508;517;520;524;527;532;535;539;540;544;547;551;554;559;560;562;563;568;571;575;578;581;584;588;589;593;596;598;601;604;605;607;608;612;615;619;622;627;630;634;637;645;648;652;653;658;661;665;668;674;677;681;684;689;692;696;699;705;709;710;712;716;717;719;720,
152,NO_OUTPUT,0,193,0,193,0,,,,,,,,,,0,,7;10;14;17;22;25;29;32;38;41;45;48;53;56;60;63;70;73;77;80;85;88;92;95;101;104;108;111;116;119;123;126;134;137;141;144;149;152;156;159;165;168;172;175;180;183;187;190;197;200;204;207;212;215;219;222;228;231;235;238;243;246;250;253;262;265;269;272;277;280;284;287;293;296;300;303;308;311;315;318;325;328;332;335;340;343;347;350;356;359;363;366;371;374;378;381;389;392;396;399;404;407;411;414;420;423;427;430;435;438;442;445;452;455;459;462;467;470;474;477;483;486;490;493;498;501;505;508;517;520;524;527;532;535;539;540;544;547;551;554;559;560;562;563;568;571;575;578;581;584;588;589;593;596;598;601;604;605;607;608;612;615;619;622;627;630;634;637;645;649;650;652;653;658;661;665;668;674;677;681;684;689;692;696;699;705;709;710;712;716;717;719;720,
153,NO_OUTPUT,0,193,0,193,0,,,,,,,,,,0,,7;10;14;17;22;25;29;32;38;41;45;48;53;56;60;63;70;73;77;80;85;88;92;95;101;104;108;111;116;119;123;126;134;137;141;144;149;152;156;159;165;168;172;175;180;183;187;190;197;200;204;207;212;215;219;222;228;231;235;238;243;246;250;253;262;265;269;272;277;280;284;287;293;296;300;303;308;311;315;318;325;328;332;335;340;343;347;350;356;359;363;366;371;374;378;381;389;392;396;399;404;407;411;414;420;423;427;430;435;438;442;445;452;455;459;462;467;470;474;477;483;486;490;493;498;501;505;508;517;520;524;527;532;535;539;540;544;547;551;554;559;560;562;563;568;571;575;578;581;584;588;589;593;596;598;601;604;605;607;608;612;615;619;622;627;630;634;637;645;649;650;652;653;658;661;665;668;674;677;681;684;689;692;696;699;705;709;710;712;716;717;719;720,
154,NO_OUTPUT,0,195,0,195,0,,,,,,,,,,0,,7;10;14;17;22;25;29;32;38;41;45;48;53;56;60;63;70;73;78;79;80;85;88;92;95;101;104;108;111;116;119;123;126;134;137;141;144;149;152;156;159;165;168;172;175;180;183;187;190;197;200;204;207;212;215;219;222;228;231;235;238;243;246;250;253;262;265;269;272;277;280;284;287;293;296;300;303;308;311;315;318;325;328;332;335;340;343;347;350;356;359;363;366;371;374;378;381;389;392;396;399;404;407;411;414;420;423;427;430;435;438;442;445;452;455;459;462;467;470;474;477;483;486;490;493;498;501;505;508;517;520;524;527;532;535;539;540;544;547;551;554;559;560;562;563;568;571;575;578;581;584;588;589;593;596;598;601;604;605;607;608;612;615;619;622;627;630;634;637;645;649;650;652;653;658;661;665;668;674;677;681;684;689;692;696;699;705;709;710;713;714;716;717;719;720,
155,NO_OUTPUT,0,197,0,197,0,,,,,,,,,,0,,7;10;14;17;22;25;29;32;38;41;45;48;53;56;60;63;70;73;78;79;80;85;88;92;95;101;104;108;111;116;119;123;126;134;137;141;144;149;152;156;159;165;168;172;175;180;183;187;190;197;200;204;207;212;215;219;222;228;231;235;238;243;246;250;253;262;265;269;272;277;280;284;287;293;296;300;303;308;311;315;318;325;328;332;335;340;343;347;350;356;359;363;366;371;374;378;381;389;392;396;399;404;407;411;414;420;423;427;430;435;438;442;445;452;455;459;462;467;470;474;477;483;486;490;493;498;501;505;508;517;520;524;527;532;535;539;540;544;547;551;554;559;560;562;563;568;571;575;578;581;584;588;589;593;596;598;601;604;605;607;608;612;615;619;622;627;630;634;637;646;647;649;650;652;653;658;661;665;668;674;677;681;684;689;692;696;699;706;707;709;710;713;714;716;717;719;720,
156,NO_OUTPUT,0,200,0,200,0,,,,,,,,,,0,,7;10;14;17;22;25;29;32;38;41;45;48;53;56;60;63;70;73;78;79;80;85;88;92;95;101;104;108;111;116;119;123;126;134;137;142;143;144;149;152;156;159;165;168;172;175;180;183;187;190;197;200;204;207;212;215;219;222;228;231;235;238;243;246;250;253;262;265;269;272;277;280;284;288;289;293;296;300;303;308;311;315;318;325;328;332;335;340;343;347;350;356;359;363;366;371;374;378;381;389;392;396;399;404;407;411;414;420;423;427;430;435;438;442;445;452;455;459;462;467;470;474;477;483;486;490;493;498;501;505;508;517;520;524;527;532;535;539;540;544;547;551;554;559;560;562;563;568;571;575;578;581;584;588;589;593;596;598;601;604;605;607;608;612;615;619;622;627;630;634;637;646;647;649;650;652;653;658;661;665;668;674;678;679;681;684;689;692;696;699;706;707;709;710;713;714;716;717;719;720,
157,NO_OUTPUT,0,200,0,200,0,,,,,,,,,,0,,7;10;14;17;22;25;29;32;38;41;45;48;53;56;60;63;70;73;78;79;80;85;88;92;95;101;104;108;111;116;119;123;126;134;137;142;143;144;149;152;156;159;165;168;172;175;180;183;187;190;197;200;204;207;212;215;219;222;228;231;235;238;243;246;250;253;262;265;269;272;277;280;284;288;289;293;296;300;303;308;311;315;318;325;328;332;335;340;343;347;350;356;359;363;366;371;374;378;381;389;392;396;399;404;407;411;414;420;423;427;430;435;438;442;445;452;455;459;462;467;470;474;477;483;486;490;493;498;501;505;508;517;520;524;527;532;535;539;540;544;547;551;554;559;560;562;563;568;571;575;578;581;584;588;589;593;596;598;601;604;605;607;608;612;615;619;622;627;630;634;637;646;647;649;650;652;653;658;661;665;668;674;678;679;681;684;689;692;696;699;706;707;709;710;713;714;716;717;719;720,
158,NO_OUTPUT,0,201,0,201,0,,,,,,,,,,0,,7;10;14;17;22;25;29;32;38;41;45;48;53;56;60;63;70;73;78;79;80;85;88;92;96;97;101;104;108;111;116;119;123;126;134;137;142;143;144;149;152;156;159;165;168;172;175;180;183;187;190;197;200;204;207;212;215;219;222;228;231;235;238;243;246;250;253;262;265;269;272;277;280;284;288;289;293;296;300;303;308;311;315;318;325;328;332;335;340;343;347;350;356;359;363;366;371;374;378;381;389;392;396;399;404;407;411;414;420;423;427;430;435;438;442;445;452;455;459;462;467;470;474;477;483;486;490;493;498;501;505;508;517;520;524;527;532;535;539;540;544;547;551;554;559;560;562;563;568;571;575;578;581;584;588;589;593;596;598;601;604;605;607;608;612;615;619;622;627;630;634;637;646;647;649;650;652;653;658;661;665;668;674;678;679;681;684;689;692;696;699;706;707;709;710;713;714;716;717;719;720,
159,NO_OUTPUT,0,205,0,205,0,,,,,,,,,,0,,7;10;14;17;22;25;29;32;38;41;45;48;53;56;60;63;70;73;78;79;80;85;88;93;94;96;97;101;104;108;111;116;119;123;127;128;134;137;142;143;144;149;152;156;159;165;168;172;176;177;180;183;187;190;197;200;204;207;212;215;219;222;228;231;235;238;243;246;250;253;262;265;269;272;277;280;284;288;289;293;296;300;303;308;311;315;318;325;328;332;335;340;343;348;349;350;356;359;363;366;371;374;378;381;389;392;396;399;404;407;411;414;420;423;427;430;435;438;442;445;452;455;459;462;467;470;474;477;483;486;490;493;498;501;505;508;517;520;524;527;532;535;539;540;544;547;551;554;559;560;562;563;568;571;575;578;581;584;588;589;593;596;598;601;604;605;607;608;612;615;619;622;627;630;634;637;646;647;649;650;652;653;658;661;665;668;674;678;679;681;684;689;692;696;699;706;707;709;710;713;714;716;717;719;720,
160,NO_OUTPUT,0,206,0,206,0,,,,,,,,,,0,,7;10;14;17;22;25;29;32;38;41;45;48;53;56;60;63;70;73;78;79;80;85;88;93;94;96;97;101;104;108;111;116;119;123;127;128;134;137;142;143;144;149;152;157;158;159;165;168;172;176;177;180;183;187;190;197;200;204;207;212;215;219;222;228;231;235;238;243;246;250;253;262;265;269;272;277;280;284;288;289;293;296;300;303;308;311;315;318;325;328;332;335;340;343;348;349;350;356;359;363;366;371;374;378;381;389;392;396;399;404;407;411;414;420;423;427;430;435;438;442;445;452;455;459;462;467;470;474;477;483;486;490;493;498;501;505;508;517;520;524;527;532;535;539;540;544;547;551;554;559;560;562;563;568;571;575;578;581;584;588;589;593;596;598;601;604;605;607;608;612;615;619;622;627;630;634;637;646;647;649;650;652;653;658;661;665;668;674;678;679;681;684;689;692;696;699;706;707;709;710;713;714;716;717;719;720,
161,NO_OUTPUT,0,211,0,211,0,,,,,,,,,,0,,7;10;14;17;22;25;29;32;38;41;45;48;53;56;60;63;70;73;78;79;80;85;88;93;94;96;97;101;104;108;111;116;119;123;127;128;134;137;142;143;144;149;152;157;158;160;161;165;168;173;174;176;177;180;183;187;191;192;197;200;204;207;212;215;219;222;228;231;235;238;243;246;250;253;262;265;269;272;277;280;284;288;289;293;296;300;303;308;311;315;318;325;328;332;335;340;343;348;349;350;356;359;363;366;371;374;378;381;389;392;396;400;401;404;407;411;414;420;423;427;430;435;438;442;445;452;455;459;462;467;470;474;477;483;486;490;493;498;501;505;508;517;520;524;527;532;535;539;540;544;547;551;554;559;560;562;563;568;571;575;578;581;584;588;589;593;596;598;601;604;605;607;608;612;615;619;622;627;630;634;637;646;647;649;650;652;653;658;661;665;668;674;678;679;681;685;686;689;692;696;699;706;707;709;710;713;714;716;717;719;720,
162,NO_OUTPUT,0,215,0,215,0,,,,,,,,,,0,,7;10;14;17;22;25;29;32;38;41;45;48;53;56;60;64;65;70;73;78;79;80;85;88;93;94;96;97;101;104;108;111;116;119;123;127;128;134;137;142;143;145;146;149;153;154;157;158;160;161;165;168;173;174;176;177;180;183;187;191;192;197;200;204;207;212;215;219;222;228;231;235;238;243;246;250;253;262;265;269;272;277;280;284;288;289;293;296;300;303;308;311;315;318;325;328;332;335;340;343;348;349;350;356;359;363;366;371;374;378;381;389;392;396;400;401;404;407;411;415;416;420;423;427;430;435;438;442;445;452;455;459;462;467;470;474;477;483;486;490;493;498;501;505;508;517;520;524;527;532;535;539;540;544;547;551;554;559;560;562;563;568;571;575;578;581;584;588;589;593;596;598;601;604;605;607;608;612;615;619;622;627;630;634;637;646;647;649;650;652;653;658;661;665;668;674;678;679;681;685;686;689;692;696;699;706;707;709;710;713;714;716;717;719;720,
163,NO_OUTPUT,0,227,0,227,0,,,,,,,,,,0,,7;10;14;18;19;22;25;29;32;38;41;45;48;53;56;61;62;64;65;70;73;78;79;80;85;88;93;94;96;97;101;104;109;110;112;113;116;119;123;127;128;134;137;142;143;145;146;150;151;153;154;157;158;160;161;165;168;173;174;176;177;180;183;188;189;191;192;197;200;205;206;208;209;212;215;219;222;228;231;235;238;243;246;250;253;262;265;269;272;277;280;285;286;288;289;293;296;300;303;308;311;315;318;325;328;332;335;340;343;348;349;350;356;359;363;366;371;374;378;381;389;392;396;400;401;404;407;411;415;416;420;423;427;431;432;435;438;442;445;452;455;459;463;464;467;470;474;477;483;486;490;493;498;501;505;508;517;520;524;527;532;535;539;540;544;547;551;554;559;560;562;563;568;571;575;578;581;584;588;589;593;596;598;601;604;605;607;608;612;615;619;622;627;630;634;637;646;647;649;650;652;653;658;661;665;668;674;678;679;682;683;685;686;689;692;696;699;706;707;709;710;713;714;716;717;719;720,
164,NO_OUTPUT,0,232,0,232,0,,,,,,,,,,0,,7;10;14;18;19;22;25;29;33;34;38;41;45;49;50;53;56;61;62;64;65;70;73;78;79;80;85;88;93;94;96;97;101;104;109;110;112;113;116;119;123;127;128;134;137;142;143;145;146;150;151;153;154;157;158;160;161;165;168;173;174;176;177;180;183;188;189;191;192;197;200;205;206;208;209;212;215;219;222;228;231;235;238;243;246;250;253;262;265;269;272;277;281;282;285;286;288;289;293;296;300;303;308;311;315;318;325;328;332;335;340;343;348;349;350;356;359;363;366;371;374;378;381;389;392;396;400;401;404;407;411;415;416;420;423;427;431;432;435;438;442;445;453;454;455;459;463;464;467;470;474;477;483;486;490;493;498;501;505;508;518;519;520;524;527;532;535;539;540;544;547;551;554;559;560;562;563;568;571;575;578;581;584;588;589;593;596;598;601;604;605;607;608;612;615;619;622;627;630;634;637;646;647;649;650;652;653;658;661;665;668;674;678;679;682;683;685;686;689;692;696;699;706;707;709;710;713;714;716;717;719;720,
165,NO_OUTPUT,0,240,0,240,0,,,,,,,,,,0,,7;10;14;18;19;22;25;29;33;34;38;41;45;49;50;53;56;61;62;64;65;70;73;78;79;80;86;87;88;93;94;96;97;101;104;109;110;112;113;116;120;121;124;125;127;128;134;137;142;143;145;146;150;151;153;154;157;158;160;161;165;168;173;174;176;177;180;183;188;189;191;192;197;200;205;206;208;209;212;215;219;222;228;231;235;238;243;246;250;253;262;265;269;272;278;279;281;282;285;286;288;289;293;296;300;303;308;311;315;318;325;329;330;332;335;340;343;348;349;350;356;359;363;366;371;374;378;381;389;392;396;400;401;404;407;411;415;416;420;423;427;431;432;435;438;442;445;453;454;455;460;461;463;464;467;470;475;476;477;483;486;490;493;498;501;505;508;518;519;520;524;527;533;534;535;539;540;544;547;551;554;559;560;562;563;568;571;575;578;581;584;588;589;593;596;598;601;604;605;607;608;612;615;619;622;627;630;634;637;646;647;649;650;652;653;658;661;665;668;674;678;679;682;683;685;686;689;692;696;699;706;707;709;710;713;714;716;717;719;720,
166,NO_OUTPUT,0,256,0,256,0,,,,,,,,,,0,,7;10;15;16;18;19;22;25;29;33;34;38;41;45;49;50;53;56;61;62;64;65;70;73;78;79;81;82;86;87;89;90;93;94;96;97;101;104;109;110;112;113;116;120;121;124;125;127;128;134;137;142;143;145;146;150;151;153;154;157;158;160;161;165;168;173;174;176;177;180;183;188;189;191;192;197;200;205;206;208;209;212;216;217;219;222;228;231;235;238;243;246;250;253;262;265;269;273;274;278;279;281;282;285;286;288;289;293;296;300;304;305;308;311;315;318;326;327;329;330;332;336;337;340;343;348;349;350;356;359;363;366;371;374;378;381;389;392;396;400;401;404;408;409;411;415;416;421;422;423;427;431;432;435;438;442;445;453;454;455;460;461;463;464;467;471;472;475;476;478;479;483;486;490;493;499;500;502;503;506;507;508;518;519;520;524;527;533;534;535;539;540;544;547;551;554;559;560;562;563;568;571;575;578;581;584;588;589;593;596;598;601;604;605;607;608;612;615;619;622;627;630;634;637;646;647;649;650;652;654;655;658;661;665;668;674;678;679;682;683;685;686;689;692;696;699;706;707;709;710;713;714;716;717;719;720,
167,NO_OUTPUT,0,268,0,268,0,,,,,,,,,,0,,8;9;10;15;16;18;19;22;25;30;31;33;34;38;41;45;49;50;53;56;61;62;64;65;70;73;78;79;81;82;86;87;89;90;93;94;96;97;101;104;109;110;112;113;116;120;121;124;125;127;128;134;137;142;143;145;146;150;151;153;154;157;158;160;161;165;169;170;173;174;176;177;180;183;188;189;191;192;197;200;205;206;208;209;212;216;217;219;222;228;231;235;238;243;246;250;253;263;264;266;267;269;273;274;278;279;281;282;285;286;288;289;293;296;300;304;305;308;311;315;318;326;327;329;330;333;334;336;337;340;343;348;349;350;356;359;363;366;371;374;378;381;389;392;396;400;401;404;408;409;412;413;415;416;421;422;423;428;429;431;432;435;438;442;445;453;454;456;457;460;461;463;464;467;471;472;475;476;478;479;483;486;490;493;499;500;502;503;506;507;509;510;518;519;520;525;526;527;533;534;535;539;540;544;547;551;554;559;560;562;563;568;571;575;578;581;584;588;589;593;596;598;601;604;605;607;608;612;615;620;621;622;627;630;634;637;646;647;649;650;652;654;655;658;661;665;668;674;678;679;682;683;685;686;689;692;696;699;706;707;709;710;713;714;716;717;719;720,
168,NO_OUTPUT,0,278,0,278,0,,,,,,,,,,0,,8;9;10;15;16;18;19;22;25;30;31;33;34;38;41;45;49;50;53;56;61;62;64;65;71;72;74;75;78;79;81;82;86;87;89;90;93;94;96;97;101;104;109;110;112;113;116;120;121;124;125;127;128;134;137;142;143;145;146;150;151;153;154;157;158;160;161;165;169;170;173;174;176;177;180;184;185;188;189;191;192;197;200;205;206;208;209;213;214;216;217;219;223;224;228;231;235;238;243;246;250;253;263;264;266;267;269;273;274;278;279;281;282;285;286;288;289;293;296;300;304;305;308;311;315;318;326;327;329;330;333;334;336;337;340;343;348;349;350;356;359;363;366;371;374;379;380;381;389;393;394;397;398;400;401;405;406;408;409;412;413;415;416;421;422;423;428;429;431;432;435;438;442;445;453;454;456;457;460;461;463;464;467;471;472;475;476;478;479;483;486;490;493;499;500;502;503;506;507;509;510;518;519;520;525;526;527;533;534;535;539;540;544;547;551;554;559;560;562;563;569;570;571;575;578;581;584;588;589;593;596;598;601;604;605;607;608;612;615;620;621;622;627;630;634;637;646;647;649;650;652;654;655;658;661;665;668;674;678;679;682;683;685;686;689;692;696;699;706;707;709;710;713;714;716;717;719;720,
169,NO_OUTPUT,0,287,0,287,0,,,,,,,,,,0,,8;9;11;12;15;16;18;19;22;25;30;31;33;34;38;42;43;46;47;49;50;53;56;61;62;64;65;71;72;74;75;78;79;81;82;86;87;89;90;93;94;96;97;101;104;109;110;112;113;116;120;121;124;125;127;128;134;137;142;143;145;146;150;151;153;154;157;158;160;161;165;169;170;173;174;176;177;180;184;185;188;189;191;192;197;200;205;206;208;209;213;214;216;217;219;223;224;228;231;235;238;243;246;250;253;263;264;266;267;269;273;274;278;279;281;282;285;286;288;289;293;296;300;304;305;308;311;315;318;326;327;329;330;333;334;336;337;341;342;344;345;348;349;351;352;356;359;363;366;371;374;379;380;382;383;389;393;394;397;398;400;401;405;406;408;409;412;413;415;416;421;422;423;428;429;431;432;435;439;440;442;445;453;454;456;457;460;461;463;464;467;471;472;475;476;478;479;483;486;490;493;499;500;502;503;506;507;509;510;518;519;520;525;526;527;533;534;535;539;540;544;547;551;554;559;560;562;563;569;570;571;575;578;582;583;584;588;589;593;596;598;601;604;605;607;608;612;615;620;621;622;627;630;634;637;646;647;649;650;652;654;655;658;661;665;668;674;678;679;682;683;685;686;689;692;696;699;706;707;709;710;713;714;716;717;719;720,
170,NO_OUTPUT,0,299,0,299,0,,,,,,,,,,0,,8;9;11;12;15;16;18;19;23;24;26;27;30;31;33;34;38;42;43;46;47;49;50;53;57;58;61;62;64;65;71;72;74;75;78;79;81;82;86;87;89;90;93;94;96;97;101;104;109;110;112;113;116;120;121;124;125;127;128;134;137;142;143;145;146;150;151;153;154;157;158;160;161;165;169;170;173;174;176;177;180;184;185;188;189;191;192;197;200;205;206;208;209;213;214;216;217;219;223;224;228;231;235;238;243;246;250;253;263;264;266;267;269;273;274;278;279;281;282;285;286;288;289;293;296;300;304;305;308;312;313;315;318;326;327;329;330;333;334;336;337;341;342;344;345;348;349;351;352;356;359;363;366;371;374;379;380;382;383;389;393;394;397;398;400;401;405;406;408;409;412;413;415;416;421;422;423;428;429;431;432;436;437;439;440;442;445;453;454;456;457;460;461;463;464;468;469;471;472;475;476;478;479;483;486;491;492;493;499;500;502;503;506;507;509;510;518;519;521;522;525;526;527;533;534;535;539;540;544;547;551;554;559;560;562;563;569;570;572;573;575;578;582;583;584;588;589;593;596;598;601;604;605;607;608;613;614;616;617;620;621;622;627;630;634;637;646;647;649;650;652;654;655;658;661;665;668;674;678;679;682;683;685;686;689;692;696;700;701;706;707;709;710;713;714;716;717;719;720,
171,NO_OUTPUT,0,306,0,306,0,,,,,,,,,,0,,8;9;11;12;15;16;18;19;23;24;26;27;30;31;33;34;38;42;43;46;47;49;50;53;57;58;61;62;64;65;71;72;74;75;78;79;81;82;86;87;89;90;93;94;96;97;101;104;109;110;112;113;117;118;120;121;124;125;127;128;135;136;137;142;143;145;146;150;151;153;154;157;158;160;161;166;167;169;170;173;174;176;177;180;184;185;188;189;191;192;197;200;205;206;208;209;213;214;216;217;219;223;224;228;231;235;238;243;247;248;250;253;263;264;266;267;269;273;274;278;279;281;282;285;286;288;289;293;296;300;304;305;309;310;312;313;315;318;326;327;329;330;333;334;336;337;341;342;344;345;348;349;351;352;356;359;363;366;372;373;375;376;379;380;382;383;389;393;394;397;398;400;401;405;406;408;409;412;413;415;416;421;422;423;428;429;431;432;436;437;439;440;442;445;453;454;456;457;460;461;463;464;468;469;471;472;475;476;478;479;483;486;491;492;493;499;500;502;503;506;507;509;510;518;519;521;522;525;526;527;533;534;535;539;540;544;547;551;554;559;560;562;563;569;570;572;573;575;578;582;583;584;588;589;593;596;598;601;604;605;607;608;613;614;616;617;620;621;622;627;630;634;637;646;647;649;650;652;654;655;658;661;665;668;674;678;679;682;683;685;686;689;692;696;700;701;706;707;709;710;713;714;716;717;719;720,
172,NO_OUTPUT,0,316,0,316,0,,,,,,,,,,0,,8;9;11;12;15;16;18;19;23;24;26;27;30;31;33;34;39;40;42;43;46;47;49;50;53;57;58;61;62;64;65;71;72;74;75;78;79;81;82;86;87;89;90;93;94;96;97;101;104;109;110;112;113;117;118;120;121;124;125;127;128;135;136;137;142;143;145;146;150;151;153;154;157;158;160;161;166;167;169;170;173;174;176;177;181;182;184;185;188;189;191;192;197;200;205;206;208;209;213;214;216;217;220;221;223;224;228;231;235;238;243;247;248;250;253;263;264;266;267;269;273;274;278;279;281;282;285;286;288;289;294;295;296;301;302;304;305;309;310;312;313;315;318;326;327;329;330;333;334;336;337;341;342;344;345;348;349;351;352;356;359;364;365;367;368;372;373;375;376;379;380;382;383;389;393;394;397;398;400;401;405;406;408;409;412;413;415;416;421;422;424;425;428;429;431;432;436;437;439;440;442;445;453;454;456;457;460;461;463;464;468;469;471;472;475;476;478;479;483;486;491;492;493;499;500;502;503;506;507;509;510;518;519;521;522;525;526;527;533;534;535;539;540;544;547;551;554;559;560;562;563;569;570;572;573;575;578;582;583;584;588;589;593;596;598;601;604;605;607;608;613;614;616;617;620;621;623;624;627;630;634;637;646;647;649;650;652;654;655;658;661;665;668;674;678;679;682;683;685;686;689;692;697;698;700;701;706;707;709;710;713;714;716;717;719;720,
173,NO_OUTPUT,0,317,0,317,0,,,,,,,,,,0,,8;9;11;12;15;16;18;19;23;24;26;27;30;31;33;34;39;40;42;43;46;47;49;50;53;57;58;61;62;64;65;71;72;74;75;78;79;81;82;86;87;89;90;93;94;96;97;101;104;109;110;112;113;117;118;120;121;124;125;127;128;135;136;137;142;143;145;146;150;151;153;154;157;158;160;161;166;167;169;170;173;174;176;177;181;182;184;185;188;189;191;192;197;200;205;206;208;209;213;214;216;217;220;221;223;224;228;231;235;238;243;247;248;250;253;263;264;266;267;270;271;273;274;278;279;281;282;285;286;288;289;294;295;296;301;302;304;305;309;310;312;313;315;318;326;327;329;330;333;334;336;337;341;342;344;345;348;349;351;352;356;359;364;365;367;368;372;373;375;376;379;380;382;383;389;393;394;397;398;400;401;405;406;408;409;412;413;415;416;421;422;424;425;428;429;431;432;436;437;439;440;442;445;453;454;456;457;460;461;463;464;468;469;471;472;475;476;478;479;483;486;491;492;493;499;500;502;503;506;507;509;510;518;519;521;522;525;526;527;533;534;535;539;540;544;547;551;554;559;560;562;563;569;570;572;573;575;578;582;583;584;588;589;593;596;598;601;604;605;607;608;613;614;616;617;620;621;623;624;627;630;634;637;646;647;649;650;652;654;655;658;661;665;668;674;678;679;682;683;685;686;689;692;697;698;700;701;706;707;709;710;713;714;716;717;719;720,
174,NO_OUTPUT,0,324,0,324,0,,,,,,,,,,0,,8;9;11;12;15;16;18;19;23;24;26;27;30;31;33;34;39;40;42;43;46;47;49;50;53;57;58;61;62;64;65;71;72;74;75;78;79;81;82;86;87;89;90;93;94;96;97;101;104;109;110;112;113;117;118;120;121;124;125;127;128;135;136;138;139;142;143;145;146;150;151;153;154;157;158;160;161;166;167;169;170;173;174;176;177;181;182;184;185;188;189;191;192;197;200;205;206;208;209;213;214;216;217;220;221;223;224;228;231;235;238;243;247;248;250;253;263;264;266;267;270;271;273;274;278;279;281;282;285;286;288;289;294;295;296;301;302;304;305;309;310;312;313;316;317;319;320;326;327;329;330;333;334;336;337;341;342;344;345;348;349;351;352;356;359;364;365;367;368;372;373;375;376;379;380;382;383;390;391;393;394;397;398;400;401;405;406;408;409;412;413;415;416;421;422;424;425;428;429;431;432;436;437;439;440;442;445;453;454;456;457;460;461;463;464;468;469;471;472;475;476;478;479;484;485;486;491;492;494;495;499;500;502;503;506;507;509;510;518;519;521;522;525;526;527;533;534;535;539;540;544;547;551;554;559;560;562;563;569;570;572;573;575;578;582;583;584;588;589;593;596;598;601;604;605;607;608;613;614;616;617;620;621;623;624;627;630;634;637;646;647;649;650;652;654;655;658;661;666;667;668;674;678;679;682;683;685;686;689;692;697;698;700;701;706;707;709;710;713;714;716;717;719;720,
175,NO_OUTPUT,0,329,0,329,0,,,,,,,,,,0,,8;9;11;12;15;16;18;19;23;24;26;27;30;31;33;34;39;40;42;43;46;47;49;50;53;57;58;61;62;64;65;71;72;74;75;78;79;81;82;86;87;89;90;93;94;96;97;101;104;109;110;112;113;117;118;120;121;124;125;127;128;135;136;138;139;142;143;145;146;150;151;153;154;157;158;160;161;166;167;169;170;173;174;176;177;181;182;184;185;188;189;191;192;197;200;205;206;208;209;213;214;216;217;220;221;223;224;228;232;233;235;238;243;247;248;250;253;263;264;266;267;270;271;273;274;278;279;281;282;285;286;288;289;294;295;297;298;301;302;304;305;309;310;312;313;316;317;319;320;326;327;329;330;333;334;336;337;341;342;344;345;348;349;351;352;356;359;364;365;367;368;372;373;375;376;379;380;382;383;390;391;393;394;397;398;400;401;405;406;408;409;412;413;415;416;421;422;424;425;428;429;431;432;436;437;439;440;442;445;453;454;456;457;460;461;463;464;468;469;471;472;475;476;478;479;484;485;487;488;491;492;494;495;499;500;502;503;506;507;509;510;518;519;521;522;525;526;527;533;534;536;537;539;540;544;547;551;554;559;560;562;563;569;570;572;573;575;578;582;583;585;586;588;589;593;596;598;601;604;605;607;608;613;614;616;617;620;621;623;624;627;630;634;637;646;647;649;650;652;654;655;658;661;666;667;668;674;678;679;682;683;685;686;689;692;697;698;700;701;706;707;709;710;713;714;716;717;719;720,
176,NO_OUTPUT,0,334,0,334,0,,,,,,,,,,0,,8;9;11;12;15;16;18;19;23;24;26;27;30;31;33;34;39;40;42;43;46;47;49;50;53;57;58;61;62;64;65;71;72;74;75;78;79;81;82;86;87;89;90;93;94;96;97;101;105;106;109;110;112;113;117;118;120;121;124;125;127;128;135;136;138;139;142;143;145;146;150;151;153;154;157;158;160;161;166;167;169;170;173;174;176;177;181;182;184;185;188;189;191;192;197;200;205;206;208;209;213;214;216;217;220;221;223;224;228;232;233;235;238;243;247;248;250;254;255;263;264;266;267;270;271;273;274;278;279;281;282;285;286;288;289;294;295;297;298;301;302;304;305;309;310;312;313;316;317;319;320;326;327;329;330;333;334;336;337;341;342;344;345;348;349;351;352;356;360;361;364;365;367;368;372;373;375;376;379;380;382;383;390;391;393;394;397;398;400;401;405;406;408;409;412;413;415;416;421;422;424;425;428;429;431;432;436;437;439;440;442;445;453;454;456;457;460;461;463;464;468;469;471;472;475;476;478;479;484;485;487;488;491;492;494;495;499;500;502;503;506;507;509;510;518;519;521;522;525;526;527;533;534;536;537;539;540;544;547;551;554;559;560;562;563;569;570;572;573;576;577;578;582;583;585;586;588;589;593;596;598;601;604;605;607;608;613;614;616;617;620;621;623;624;628;629;630;634;637;646;647;649;650;652;654;655;658;661;666;667;668;674;678;679;682;683;685;686;689;692;697;698;700;701;706;707;709;710;713;714;716;717;719;720,
177,NO_OUTPUT,0,340,0,340,0,,,,,,,,,,0,,8;9;11;12;15;16;18;19;23;24;26;27;30;31;33;34;39;40;42;43;46;47;49;50;53;57;58;61;62;64;65;71;72;74;75;78;79;81;82;86;87;89;90;93;94;96;97;101;105;106;109;110;112;113;117;118;120;121;124;125;127;128;135;136;138;139;142;143;145;146;150;151;153;154;157;158;160;161;166;167;169;170;173;174;176;177;181;182;184;185;188;189;191;192;197;200;205;206;208;209;213;214;216;217;220;221;223;224;228;232;233;235;238;244;245;247;248;251;252;254;255;263;264;266;267;270;271;273;274;278;279;281;282;285;286;288;289;294;295;297;298;301;302;304;305;309;310;312;313;316;317;319;320;326;327;329;330;333;334;336;337;341;342;344;345;348;349;351;352;356;360;361;364;365;367;368;372;373;375;376;379;380;382;383;390;391;393;394;397;398;400;401;405;406;408;409;412;413;415;416;421;422;424;425;428;429;431;432;436;437;439;440;443;444;446;447;453;454;456;457;460;461;463;464;468;469;471;472;475;476;478;479;484;485;487;488;491;492;494;495;499;500;502;503;506;507;509;510;518;519;521;522;525;526;527;533;534;536;537;539;540;544;547;551;554;559;560;562;563;569;570;572;573;576;577;578;582;583;585;586;588;589;593;596;598;601;604;605;607;608;613;614;616;617;620;621;623;624;628;629;630;635;636;637;646;647;649;650;652;654;655;658;661;666;667;668;675;676;678;679;682;683;685;686;689;692;697;698;700;701;706;707;709;710;713;714;716;717;719;720,
178,NO_OUTPUT,0,342,0,342,0,,,,,,,,,,0,,8;9;11;12;15;16;18;19;23;24;26;27;30;31;33;34;39;40;42;43;46;47;49;50;54;55;57;58;61;62;64;65;71;72;74;75;78;79;81;82;86;87;89;90;93;94;96;97;102;103;105;106;109;110;112;113;117;118;120;121;124;125;127;128;135;136;138;139;142;143;145;146;150;151;153;154;157;158;160;161;166;167;169;170;173;174;176;177;181;182;184;185;188;189;191;192;197;200;205;206;208;209;213;214;216;217;220;221;223;224;228;232;233;235;238;244;245;247;248;251;252;254;255;263;264;266;267;270;271;273;274;278;279;281;282;285;286;288;289;294;295;297;298;301;302;304;305;309;310;312;313;316;317;319;320;326;327;329;330;333;334;336;337;341;342;344;345;348;349;351;352;356;360;361;364;365;367;368;372;373;375;376;379;380;382;383;390;391;393;394;397;398;400;401;405;406;408;409;412;413;415;416;421;422;424;425;428;429;431;432;436;437;439;440;443;444;446;447;453;454;456;457;460;461;463;464;468;469;471;472;475;476;478;479;484;485;487;488;491;492;494;495;499;500;502;503;506;507;509;510;518;519;521;522;525;526;527;533;534;536;537;539;540;544;547;551;554;559;560;562;563;569;570;572;573;576;577;578;582;583;585;586;588;589;593;596;598;601;604;605;607;608;613;614;616;617;620;621;623;624;628;629;630;635;636;637;646;647;649;650;652;654;655;658;661;666;667;668;675;676;678;679;682;683;685;686;689;692;697;698;700;701;706;707;709;710;713;714;716;717;719;720,
179,NO_OUTPUT,0,346,0,346,0,,,,,,,,,,0,,8;9;11;12;15;16;18;19;23;24;26;27;30;31;33;34;39;40;42;43;46;47;49;50;54;55;57;58;61;62;64;65;71;72;74;75;78;79;81;82;86;87;89;90;93;94;96;97;102;103;105;106;109;110;112;113;117;118;120;121;124;125;127;128;135;136;138;139;142;143;145;146;150;151;153;154;157;158;160;161;166;167;169;170;173;174;176;177;181;182;184;185;188;189;191;192;198;199;200;205;206;208;209;213;214;216;217;220;221;223;224;228;232;233;235;238;244;245;247;248;251;252;254;255;263;264;266;267;270;271;273;274;278;279;281;282;285;286;288;289;294;295;297;298;301;302;304;305;309;310;312;313;316;317;319;320;326;327;329;330;333;334;336;337;341;342;344;345;348;349;351;352;357;358;360;361;364;365;367;368;372;373;375;376;379;380;382;383;390;391;393;394;397;398;400;401;405;406;408;409;412;413;415;416;421;422;424;425;428;429;431;432;436;437;439;440;443;444;446;447;453;454;456;457;460;461;463;464;468;469;471;472;475;476;478;479;484;485;487;488;491;492;494;495;499;500;502;503;506;507;509;510;518;519;521;522;525;526;527;533;534;536;537;539;540;545;546;547;551;554;559;560;562;563;569;570;572;573;576;577;578;582;583;585;586;588;589;593;596;598;601;604;605;607;608;613;614;616;617;620;621;623;624;628;629;630;635;636;637;646;647;649;650;652;654;655;658;661;666;667;669;670;675;676;678;679;682;683;685;686;689;692;697;698;700;701;706;707;709;710;713;714;716;717;719;720,
180,NO_OUTPUT,0,348,0,348,0,,,,,,,,,,0,,8;9;11;12;15;16;18;19;23;24;26;27;30;31;33;34;39;40;42;43;46;47;49;50;54;55;57;58;61;62;64;65;71;72;74;75;78;79;81;82;86;87;89;90;93;94;96;97;102;103;105;106;109;110;112;113;117;118;120;121;124;125;127;128;135;136;138;139;142;143;145;146;150;151;153;154;157;158;160;161;166;167;169;170;173;174;176;177;181;182;184;185;188;189;191;192;198;199;201;202;205;206;208;209;213;214;216;217;220;221;223;224;229;230;232;233;235;238;244;245;247;248;251;252;254;255;263;264;266;267;270;271;273;274;278;279;281;282;285;286;288;289;294;295;297;298;301;302;304;305;309;310;312;313;316;317;319;320;326;327;329;330;333;334;336;337;341;342;344;345;348;349;351;352;357;358;360;361;364;365;367;368;372;373;375;376;379;380;382;383;390;391;393;394;397;398;400;401;405;406;408;409;412;413;415;416;421;422;424;425;428;429;431;432;436;437;439;440;443;444;446;447;453;454;456;457;460;461;463;464;468;469;471;472;475;476;478;479;484;485;487;488;491;492;494;495;499;500;502;503;506;507;509;510;518;519;521;522;525;526;527;533;534;536;537;539;540;545;546;547;551;554;559;560;562;563;569;570;572;573;576;577;578;582;583;585;586;588;589;593;596;598;601;604;605;607;608;613;614;616;617;620;621;623;624;628;629;630;635;636;637;646;647;649;650;652;654;655;658;661;666;667;669;670;675;676;678;679;682;683;685;686;689;692;697;698;700;701;706;707;709;710;713;714;716;717;719;720,
181,NO_OUTPUT,0,350,0,350,0,,,,,,,,,,0,,8;9;11;12;15;16;18;19;23;24;26;27;30;31;33;34;39;40;42;43;46;47;49;50;54;55;57;58;61;62;64;65;71;72;74;75;78;79;81;82;86;87;89;90;93;94;96;97;102;103;105;106;109;110;112;113;117;118;120;121;124;125;127;128;135;136;138;139;142;143;145;146;150;151;153;154;157;158;160;161;166;167;169;170;173;174;176;177;181;182;184;185;188;189;191;192;198;199;201;202;205;206;208;209;213;214;216;217;220;221;223;224;229;230;232;233;235;238;244;245;247;248;251;252;254;255;263;264;266;267;270;271;273;274;278;279;281;282;285;286;288;289;294;295;297;298;301;302;304;305;309;310;312;313;316;317;319;320;326;327;329;330;333;334;336;337;341;342;344;345;348;349;351;352;357;358;360;361;364;365;367;368;372;373;375;376;379;380;382;383;390;391;393;394;397;398;400;401;405;406;408;409;412;413;415;416;421;422;424;425;428;429;431;432;436;437;439;440;443;444;446;447;453;454;456;457;460;461;463;464;468;469;471;472;475;476;478;479;484;485;487;488;491;492;494;495;499;500;502;503;506;507;509;510;518;519;521;522;525;526;527;533;534;536;537;539;540;545;546;547;552;553;554;559;560;562;563;569;570;572;573;576;577;578;582;583;585;586;588;589;593;596;598;601;604;605;607;608;613;614;616;617;620;621;623;624;628;629;630;635;636;637;646;647;649;650;652;654;655;658;661;666;667;669;670;675;676;678;679;682;683;685;686;689;693;694;697;698;700;701;706;707;709;710;713;714;716;717;719;720,
182,NO_OUTPUT,0,352,0,352,0,,,,,,,,,,0,,8;9;11;12;15;16;18;19;23;24;26;27;30;31;33;34;39;40;42;43;46;47;49;50;54;55;57;58;61;62;64;65;71;72;74;75;78;79;81;82;86;87;89;90;93;94;96;97;102;103;105;106;109;110;112;113;117;118;120;121;124;125;127;128;135;136;138;139;142;143;145;146;150;151;153;154;157;158;160;161;166;167;169;170;173;174;176;177;181;182;184;185;188;189;191;192;198;199;201;202;205;206;208;209;213;214;216;217;220;221;223;224;229;230;232;233;235;238;244;245;247;248;251;252;254;255;263;264;266;267;270;271;273;274;278;279;281;282;285;286;288;289;294;295;297;298;301;302;304;305;309;310;312;313;316;317;319;320;326;327;329;330;333;334;336;337;341;342;344;345;348;349;351;352;357;358;360;361;364;365;367;368;372;373;375;376;379;380;382;383;390;391;393;394;397;398;400;401;405;406;408;409;412;413;415;416;421;422;424;425;428;429;431;432;436;437;439;440;443;444;446;447;453;454;456;457;460;461;463;464;468;469;471;472;475;476;478;479;484;485;487;488;491;492;494;495;499;500;502;503;506;507;509;510;518;519;521;522;525;526;527;533;534;536;537;539;540;545;546;547;552;553;554;559;560;562;563;569;570;572;573;576;577;578;582;583;585;586;588;589;594;595;596;598;601;604;605;607;608;613;614;616;617;620;621;623;624;628;629;630;635;636;638;639;646;647;649;650;652;654;655;658;661;666;667;669;670;675;676;678;679;682;683;685;686;689;693;694;697;698;700;701;706;707;709;710;713;714;716;717;719;720,
183,NO_OUTPUT,0,356,0,356,0,,,,,,,,,,0,,8;9;11;12;15;16;18;19;23;24;26;27;30;31;33;34;39;40;42;43;46;47;49;50;54;55;57;58;61;62;64;65;71;72;74;75;78;79;81;82;86;87;89;90;93;94;96;97;102;103;105;106;109;110;112;113;117;118;120;121;124;125;127;128;135;136;138;139;142;143;145;146;150;151;153;154;157;158;160;161;166;167;169;170;173;174;176;177;181;182;184;185;188;189;191;192;198;199;201;202;205;206;208;209;213;214;216;217;220;221;223;224;229;230;232;233;236;237;238;244;245;247;248;251;252;254;255;263;264;266;267;270;271;273;274;278;279;281;282;285;286;288;289;294;295;297;298;301;302;304;305;309;310;312;313;316;317;319;320;326;327;329;330;333;334;336;337;341;342;344;345;348;349;351;352;357;358;360;361;364;365;367;368;372;373;375;376;379;380;382;383;390;391;393;394;397;398;400;401;405;406;408;409;412;413;415;416;421;422;424;425;428;429;431;432;436;437;439;440;443;444;446;447;453;454;456;457;460;461;463;464;468;469;471;472;475;476;478;479;484;485;487;488;491;492;494;495;499;500;502;503;506;507;509;510;518;519;521;522;525;526;527;533;534;536;537;539;540;545;546;547;552;553;554;559;560;562;563;569;570;572;573;576;577;578;582;583;585;586;588;589;594;595;596;599;600;601;604;605;607;608;613;614;616;617;620;621;623;624;628;629;631;632;635;636;638;639;646;647;649;650;652;654;655;658;661;666;667;669;670;675;676;678;679;682;683;685;686;690;691;693;694;697;698;700;701;706;707;709;710;713;714;716;717;719;720,
184,NO_OUTPUT,0,356,0,356,0,,,,,,,,,,0,,8;9;11;12;15;16;18;19;23;24;26;27;30;31;33;34;39;40;42;43;46;47;49;50;54;55;57;58;61;62;64;65;71;72;74;75;78;79;81;82;86;87;89;90;93;94;96;97;102;103;105;106;109;110;112;113;117;118;120;121;124;125;127;128;135;136;138;139;142;143;145;146;150;151;153;154;157;158;160;161;166;167;169;170;173;174;176;177;181;182;184;185;188;189;191;192;198;199;201;202;205;206;208;209;213;214;216;217;220;221;223;224;229;230;232;233;236;237;238;244;245;247;248;251;252;254;255;263;264;266;267;270;271;273;274;278;279;281;282;285;286;288;289;294;295;297;298;301;302;304;305;309;310;312;313;316;317;319;320;326;327;329;330;333;334;336;337;341;342;344;345;348;349;351;352;357;358;360;361;364;365;367;368;372;373;375;376;379;380;382;383;390;391;393;394;397;398;400;401;405;406;408;409;412;413;415;416;421;422;424;425;428;429;431;432;436;437;439;440;443;444;446;447;453;454;456;457;460;461;463;464;468;469;471;472;475;476;478;479;484;485;487;488;491;492;494;495;499;500;502;503;506;507;509;510;518;519;521;522;525;526;527;533;534;536;537;539;540;545;546;547;552;553;554;559;560;562;563;569;570;572;573;576;577;578;582;583;585;586;588;589;594;595;596;599;600;601;604;605;607;608;613;614;616;617;620;621;623;624;628;629;631;632;635;636;638;639;646;647;649;650;652;654;655;658;661;666;667;669;670;675;676;678;679;682;683;685;686;690;691;693;694;697;698;700;701;706;707;709;710;713;714;716;717;719;720,
185,NO_OUTPUT,0,357,0,357,0,,,,,,,,,,0,,8;9;11;12;15;16;18;19;23;24;26;27;30;31;33;34;39;40;42;43;46;47;49;50;54;55;57;58;61;62;64;65;71;72;74;75;78;79;81;82;86;87;89;90;93;94;96;97;102;103;105;106;109;110;112;113;117;118;120;121;124;125;127;128;135;136;138;139;142;143;145;146;150;151;153;154;157;158;160;161;166;167;169;170;173;174;176;177;181;182;184;185;188;189;191;192;198;199;201;202;205;206;208;209;213;214;216;217;220;221;223;224;229;230;232;233;236;237;238;244;245;247;248;251;252;254;255;263;264;266;267;270;271;273;274;278;279;281;282;285;286;288;289;294;295;297;298;301;302;304;305;309;310;312;313;316;317;319;320;326;327;329;330;333;334;336;337;341;342;344;345;348;349;351;352;357;358;360;361;364;365;367;368;372;373;375;376;379;380;382;383;390;391;393;394;397;398;400;401;405;406;408;409;412;413;415;416;421;422;424;425;428;429;431;432;436;437;439;440;443;444;446;447;453;454;456;457;460;461;463;464;468;469;471;472;475;476;478;479;484;485;487;488;491;492;494;495;499;500;502;503;506;507;509;510;518;519;521;522;525;526;527;533;534;536;537;539;540;545;546;547;552;553;554;559;560;562;563;569;570;572;573;576;577;578;582;583;585;586;588;589;594;595;596;599;600;601;604;605;607;608;613;614;616;617;620;621;623;624;628;629;631;632;635;636;638;639;646;647;649;650;652;654;655;659;660;661;666;667;669;670;675;676;678;679;682;683;685;686;690;691;693;694;697;698;700;701;706;707;709;710;713;714;716;717;719;720,
186,NO_OUTPUT,0,359,0,359,0,,,,,,,,,,0,,8;9;11;12;15;16;18;19;23;24;26;27;30;31;33;34;39;40;42;43;46;47;49;50;54;55;57;58;61;62;64;65;71;72;74;75;78;79;81;82;86;87;89;90;93;94;96;97;102;103;105;106;109;110;112;113;117;118;120;121;124;125;127;128;135;136;138;139;142;143;145;146;150;151;153;154;157;158;160;161;166;167;169;170;173;174;176;177;181;182;184;185;188;189;191;192;198;199;201;202;205;206;208;209;213;214;216;217;220;221;223;224;229;230;232;233;236;237;239;240;244;245;247;248;251;252;254;255;263;264;266;267;270;271;273;274;278;279;281;282;285;286;288;289;294;295;297;298;301;302;304;305;309;310;312;313;316;317;319;320;326;327;329;330;333;334;336;337;341;342;344;345;348;349;351;352;357;358;360;361;364;365;367;368;372;373;375;376;379;380;382;383;390;391;393;394;397;398;400;401;405;406;408;409;412;413;415;416;421;422;424;425;428;429;431;432;436;437;439;440;443;444;446;447;453;454;456;457;460;461;463;464;468;469;471;472;475;476;478;479;484;485;487;488;491;492;494;495;499;500;502;503;506;507;509;510;518;519;521;522;525;526;527;533;534;536;537;539;540;545;546;547;552;553;554;559;560;562;563;569;570;572;573;576;577;578;582;583;585;586;588;589;594;595;596;599;600;601;604;605;607;608;613;614;616;617;620;621;623;624;628;629;631;632;635;636;638;639;646;647;649;650;652;654;655;659;660;662;663;666;667;669;670;675;676;678;679;682;683;685;686;690;691;693;694;697;698;700;701;706;707;709;710;713;714;716;717;719;720,
187,NO_OUTPUT,0,359,0,359,0,,,,,,,,,,0,,8;9;11;12;15;16;18;19;23;24;26;27;30;31;33;34;39;40;42;43;46;47;49;50;54;55;57;58;61;62;64;65;71;72;74;75;78;79;81;82;86;87;89;90;93;94;96;97;102;103;105;106;109;110;112;113;117;118;120;121;124;125;127;128;135;136;138;139;142;143;145;146;150;151;153;154;157;158;160;161;166;167;169;170;173;174;176;177;181;182;184;185;188;189;191;192;198;199;201;202;205;206;208;209;213;214;216;217;220;221;223;224;229;230;232;233;236;237;239;240;244;245;247;248;251;252;254;255;263;264;266;267;270;271;273;274;278;279;281;282;285;286;288;289;294;295;297;298;301;302;304;305;309;310;312;313;316;317;319;320;326;327;329;330;333;334;336;337;341;342;344;345;348;349;351;352;357;358;360;361;364;365;367;368;372;373;375;376;379;380;382;383;390;391;393;394;397;398;400;401;405;406;408;409;412;413;415;416;421;422;424;425;428;429;431;432;436;437;439;440;443;444;446;447;453;454;456;457;460;461;463;464;468;469;471;472;475;476;478;479;484;485;487;488;491;492;494;495;499;500;502;503;506;507;509;510;518;519;521;522;525;526;527;533;534;536;537;539;540;545;546;547;552;553;554;559;560;562;563;569;570;572;573;576;577;578;582;583;585;586;588;589;594;595;596;599;600;601;604;605;607;608;613;614;616;617;620;621;623;624;628;629;631;632;635;636;638;639;646;647;649;650;652;654;655;659;660;662;663;666;667;669;670;675;676;678;679;682;683;685;686;690;691;693;694;697;698;700;701;706;707;709;710;713;714;716;717;719;720,
188,NO_OUTPUT,0,359,0,359,0,,,,,,,,,,0,,8;9;11;12;15;16;18;19;23;24;26;27;30;31;33;34;39;40;42;43;46;47;49;50;54;55;57;58;61;62;64;65;71;72;74;75;78;79;81;82;86;87;89;90;93;94;96;97;102;103;105;106;109;110;112;113;117;118;120;121;124;125;127;128;135;136;138;139;142;143;145;146;150;151;153;154;157;158;160;161;166;167;169;170;173;174;176;177;181;182;184;185;188;189;191;192;198;199;201;202;205;206;208;209;213;214;216;217;220;221;223;224;229;230;232;233;236;237;239;240;244;245;247;248;251;252;254;255;263;264;266;267;270;271;273;274;278;279;281;282;285;286;288;289;294;295;297;298;301;302;304;305;309;310;312;313;316;317;319;320;326;327;329;330;333;334;336;337;341;342;344;345;348;349;351;352;357;358;360;361;364;365;367;368;372;373;375;376;379;380;382;383;390;391;393;394;397;398;400;401;405;406;408;409;412;413;415;416;421;422;424;425;428;429;431;432;436;437;439;440;443;444;446;447;453;454;456;457;460;461;463;464;468;469;471;472;475;476;478;479;484;485;487;488;491;492;494;495;499;500;502;503;506;507;509;510;518;519;521;522;525;526;527;533;534;536;537;539;540;545;546;547;552;553;554;559;560;562;563;569;570;572;573;576;577;578;582;583;585;586;588;589;594;595;596;599;600;601;604;605;607;608;613;614;616;617;620;621;623;624;628;629;631;632;635;636;638;639;646;647;649;650;652;654;655;659;660;662;663;666;667;669;670;675;676;678;679;682;683;685;686;690;691;693;694;697;698;700;701;706;707;709;710;713;714;716;717;719;720,
189,NO_OUTPUT,0,359,0,359,0,,,,,,,,,,0,,8;9;11;12;15;16;18;19;23;24;26;27;30;31;33;34;39;40;42;43;46;47;49;50;54;55;57;58;61;62;64;65;71;72;74;75;78;79;81;82;86;87;89;90;93;94;96;97;102;103;105;106;109;110;112;113;117;118;120;121;124;125;127;128;135;136;138;139;142;143;145;146;150;151;153;154;157;158;160;161;166;167;169;170;173;174;176;177;181;182;184;185;188;189;191;192;198;199;201;202;205;206;208;209;213;214;216;217;220;221;223;224;229;230;232;233;236;237;239;240;244;245;247;248;251;252;254;255;263;264;266;267;270;271;273;274;278;279;281;282;285;286;288;289;294;295;297;298;301;302;304;305;309;310;312;313;316;317;319;320;326;327;329;330;333;334;336;337;341;342;344;345;348;349;351;352;357;358;360;361;364;365;367;368;372;373;375;376;379;380;382;383;390;391;393;394;397;398;400;401;405;406;408;409;412;413;415;416;421;422;424;425;428;429;431;432;436;437;439;440;443;444;446;447;453;454;456;457;460;461;463;464;468;469;471;472;475;476;478;479;484;485;487;488;491;492;494;495;499;500;502;503;506;507;509;510;518;519;521;522;525;526;527;533;534;536;537;539;540;545;546;547;552;553;554;559;560;562;563;569;570;572;573;576;577;578;582;583;585;586;588;589;594;595;596;599;600;601;604;605;607;608;613;614;616;617;620;621;623;624;628;629;631;632;635;636;638;639;646;647;649;650;652;654;655;659;660;662;663;666;667;669;670;675;676;678;679;682;683;685;686;690;691;693;694;697;698;700;701;706;707;709;710;713;714;716;717;719;720,
190,NO_OUTPUT,0,360,0,360,0,,,,,,,,,,0,,8;9;11;12;15;16;18;19;23;24;26;27;30;31;33;34;39;40;42;43;46;47;49;50;54;55;57;58;61;62;64;65;71;72;74;75;78;79;81;82;86;87;89;90;93;94;96;97;102;103;105;106;109;110;112;113;117;118;120;121;124;125;127;128;135;136;138;139;142;143;145;146;150;151;153;154;157;158;160;161;166;167;169;170;173;174;176;177;181;182;184;185;188;189;191;192;198;199;201;202;205;206;208;209;213;214;216;217;220;221;223;224;229;230;232;233;236;237;239;240;244;245;247;248;251;252;254;255;263;264;266;267;270;271;273;274;278;279;281;282;285;286;288;289;294;295;297;298;301;302;304;305;309;310;312;313;316;317;319;320;326;327;329;330;333;334;336;337;341;342;344;345;348;349;351;352;357;358;360;361;364;365;367;368;372;373;375;376;379;380;382;383;390;391;393;394;397;398;400;401;405;406;408;409;412;413;415;416;421;422;424;425;428;429;431;432;436;437;439;440;443;444;446;447;453;454;456;457;460;461;463;464;468;469;471;472;475;476;478;479;484;485;487;488;491;492;494;495;499;500;502;503;506;507;509;510;518;519;521;522;525;526;527;533;534;536;537;539;540;545;546;548;549;552;553;554;559;560;562;563;569;570;572;573;576;577;578;582;583;585;586;588;589;594;595;596;599;600;601;604;605;607;608;613;614;616;617;620;621;623;624;628;629;631;632;635;636;638;639;646;647;649;650;652;654;655;659;660;662;663;666;667;669;670;675;676;678;679;682;683;685;686;690;691;693;694;697;698;700;701;706;707;709;710;713;714;716;717;719;720,
191,NO_OUTPUT,0,360,0,360,0,,,,,,,,,,0,,8;9;11;12;15;16;18;19;23;24;26;27;30;31;33;34;39;40;42;43;46;47;49;50;54;55;57;58;61;62;64;65;71;72;74;75;78;79;81;82;86;87;89;90;93;94;96;97;102;103;105;106;109;110;112;113;117;118;120;121;124;125;127;128;135;136;138;139;142;143;145;146;150;151;153;154;157;158;160;161;166;167;169;170;173;174;176;177;181;182;184;185;188;189;191;192;198;199;201;202;205;206;208;209;213;214;216;217;220;221;223;224;229;230;232;233;236;237;239;240;244;245;247;248;251;252;254;255;263;264;266;267;270;271;273;274;278;279;281;282;285;286;288;289;294;295;297;298;301;302;304;305;309;310;312;313;316;317;319;320;326;327;329;330;333;334;336;337;341;342;344;345;348;349;351;352;357;358;360;361;364;365;367;368;372;373;375;376;379;380;382;383;390;391;393;394;397;398;400;401;405;406;408;409;412;413;415;416;421;422;424;425;428;429;431;432;436;437;439;440;443;444;446;447;453;454;456;457;460;461;463;464;468;469;471;472;475;476;478;479;484;485;487;488;491;492;494;495;499;500;502;503;506;507;509;510;518;519;521;522;525;526;527;533;534;536;537;539;540;545;546;548;549;552;553;554;559;560;562;563;569;570;572;573;576;577;578;582;583;585;586;588;589;594;595;596;599;600;601;604;605;607;608;613;614;616;617;620;621;623;624;628;629;631;632;635;636;638;639;646;647;649;650;652;654;655;659;660;662;663;666;667;669;670;675;676;678;679;682;683;685;686;690;691;693;694;697;698;700;701;706;707;709;710;713;714;716;717;719;720,
192,NO_OUTPUT,0,362,0,362,0,,,,,,,,,,0,,8;9;11;12;15;16;18;19;23;24;26;27;30;31;33;34;39;40;42;43;46;47;49;50;54;55;57;58;61;62;64;65;71;72;74;75;78;79;81;82;86;87;89;90;93;94;96;97;102;103;105;106;109;110;112;113;117;118;120;121;124;125;127;128;135;136;138;139;142;143;145;146;150;151;153;154;157;158;160;161;166;167;169;170;173;174;176;177;181;182;184;185;188;189;191;192;198;199;201;202;205;206;208;209;213;214;216;217;220;221;223;224;229;230;232;233;236;237;239;240;244;245;247;248;251;252;254;255;263;264;266;267;270;271;273;274;278;279;281;282;285;286;288;289;294;295;297;298;301;302;304;305;309;310;312;313;316;317;319;320;326;327;329;330;333;334;336;337;341;342;344;345;348;349;351;352;357;358;360;361;364;365;367;368;372;373;375;376;379;380;382;383;390;391;393;394;397;398;400;401;405;406;408;409;412;413;415;416;421;422;424;425;428;429;431;432;436;437;439;440;443;444;446;447;453;454;456;457;460;461;463;464;468;469;471;472;475;476;478;479;484;485;487;488;491;492;494;495;499;500;502;503;506;507;509;510;518;519;521;522;525;526;528;529;533;534;536;537;539;540;545;546;548;549;552;553;555;556;559;560;562;563;569;570;572;573;576;577;578;582;583;585;586;588;589;594;595;596;599;600;601;604;605;607;608;613;614;616;617;620;621;623;624;628;629;631;632;635;636;638;639;646;647;649;650;652;654;655;659;660;662;663;666;667;669;670;675;676;678;679;682;683;685;686;690;691;693;694;697;698;700;701;706;707;709;710;713;714;716;717;719;720,
193,NO_OUTPUT,0,362,0,362,0,,,,,,,,,,0,,8;9;11;12;15;16;18;19;23;24;26;27;30;31;33;34;39;40;42;43;46;47;49;50;54;55;57;58;61;62;64;65;71;72;74;75;78;79;81;82;86;87;89;90;93;94;96;97;102;103;105;106;109;110;112;113;117;118;120;121;124;125;127;128;135;136;138;139;142;143;145;146;150;151;153;154;157;158;160;161;166;167;169;170;173;174;176;177;181;182;184;185;188;189;191;192;198;199;201;202;205;206;208;209;213;214;216;217;220;221;223;224;229;230;232;233;236;237;239;240;244;245;247;248;251;252;254;255;263;264;266;267;270;271;273;274;278;279;281;282;285;286;288;289;294;295;297;298;301;302;304;305;309;310;312;313;316;317;319;320;326;327;329;330;333;334;336;337;341;342;344;345;348;349;351;352;357;358;360;361;364;365;367;368;372;373;375;376;379;380;382;383;390;391;393;394;397;398;400;401;405;406;408;409;412;413;415;416;421;422;424;425;428;429;431;432;436;437;439;440;443;444;446;447;453;454;456;457;460;461;463;464;468;469;471;472;475;476;478;479;484;485;487;488;491;492;494;495;499;500;502;503;506;507;509;510;518;519;521;522;525;526;528;529;533;534;536;537;539;540;545;546;548;549;552;553;555;556;559;560;562;563;569;570;572;573;576;577;578;582;583;585;586;588;589;594;595;596;599;600;601;604;605;607;608;613;614;616;617;620;621;623;624;628;629;631;632;635;636;638;639;646;647;649;650;652;654;655;659;660;662;663;666;667;669;670;675;676;678;679;682;683;685;686;690;691;693;694;697;698;700;701;706;707;709;710;713;714;716;717;719;720,
194,NO_OUTPUT,0,362,0,362,0,,,,,,,,,,0,,8;9;11;12;15;16;18;19;23;24;26;27;30;31;33;34;39;40;42;43;46;47;49;50;54;55;57;58;61;62;64;65;71;72;74;75;78;79;81;82;86;87;89;90;93;94;96;97;102;103;105;106;109;110;112;113;117;118;120;121;124;125;127;128;135;136;138;139;142;143;145;146;150;151;153;154;157;158;160;161;166;167;169;170;173;174;176;177;181;182;184;185;188;189;191;192;198;199;201;202;205;206;208;209;213;214;216;217;220;221;223;224;229;230;232;233;236;237;239;240;244;245;247;248;251;252;254;255;263;264;266;267;270;271;273;274;278;279;281;282;285;286;288;289;294;295;297;298;301;302;304;305;309;310;312;313;316;317;319;320;326;327;329;330;333;334;336;337;341;342;344;345;348;349;351;352;357;358;360;361;364;365;367;368;372;373;375;376;379;380;382;383;390;391;393;394;397;398;400;401;405;406;408;409;412;413;415;416;421;422;424;425;428;429;431;432;436;437;439;440;443;444;446;447;453;454;456;457;460;461;463;464;468;469;471;472;475;476;478;479;484;485;487;488;491;492;494;495;499;500;502;503;506;507;509;510;518;519;521;522;525;526;528;529;533;534;536;537;539;540;545;546;548;549;552;553;555;556;559;560;562;563;569;570;572;573;576;577;578;582;583;585;586;588;589;594;595;596;599;600;601;604;605;607;608;613;614;616;617;620;621;623;624;628;629;631;632;635;636;638;639;646;647;649;650;652;654;655;659;660;662;663;666;667;669;670;675;676;678;679;682;683;685;686;690;691;693;694;697;698;700;701;706;707;709;710;713;714;716;717;719;720,
